X,Y,OBJECTID,Location,Type,Date,Info,NoCrossings,CrSide,Number,CivicNo,Street,NumberCrossing,Sharing,History
-66.66247092789547,45.987853618085737,1009,,,,,,,3,,,,,
-66.664994963703336,45.989092639878976,1010,,,,,,,3,,,,,
-66.665118676806046,45.989349561673457,1011,,,,,,,3,,,,,
-66.665429246673767,45.990420363747972,1012,,,,,,,3,,,,,
-66.665387922113069,45.990306157010977,1013,,,,,,,3,,,,,
-66.665760064729056,45.991405436184948,1014,,,,,,,4,,,,,
-66.665063813239669,45.991563565065682,1015,,,,,,,3,,,,,
-66.663772446293933,45.991436880727036,1016,,,,,,,3,,,,,
-66.665147956369125,45.992291895546096,1017,,,,,,,3,,,,,
-66.665212036215365,45.993163087609602,1018,,,,,,,3,,,,,
-66.660003071053907,45.991827894292918,1019,,,,,,,4,,,,,
-66.659984811052979,45.992599221594197,1020,,,,,,,3,,,,,
-66.656784620233466,45.991403872690185,1021,,,,,,,3,,,,,
-66.654213929428579,45.995449579871739,1022,,,,,,,3,,,,,
-66.655171633007598,45.995929151133254,1023,,,,,,,3,,,,,
-66.655992338692457,45.99627083020394,1024,,,,,,,3,,,,,
-66.656870083069876,45.997450382154533,1025,,,,,,,3,,,,,
-66.656521646630722,45.999850467034655,1026,,,,,,,3,,,,,
-66.655700991793552,45.999546881286236,1027,,,,,,,3,,,,,
-66.654194957783119,45.998444351659167,1028,,,,,,,4,,,,,
-66.653182475979946,45.997931517031013,1029,,,,,,,3,,,,,
-66.653069692801807,45.996674733211705,1030,,,,,,,3,,,,,
-66.652330920993762,45.996313878691446,1031,,,,,,,4,,,,,
-66.651729094949403,45.996067104485988,1032,,,,,,,3,,,,,
-66.650990340006217,45.995706241231268,1033,,,,,,,3,,,,,
-66.650415954964998,45.99549751317187,1034,,,,,,,3,,,,,
-66.649843432582685,45.995974380083531,1035,,,,,,,3,,,,,
-66.653131886277535,45.999398010948426,1036,,,,,,,3,,,,,
-66.65408926403768,45.999739519673703,1037,,,,,,,3,,,,,
-66.655238528745329,46.000290247369442,1038,,,,,,,3,,,,,
-66.656305566085408,46.00074585448165,1039,,,,,,,3,,,,,
-66.651524853658728,46.001304610325754,1040,,,,,,,4,,,,,
-66.648378534039978,45.999937553202358,1041,,,,,,,3,,,,,
-66.649226944397427,46.000412556223488,1042,,,,,,,3,,,,,
-66.65023917619564,46.000830202533152,1043,,,,,,,3,,,,,
-66.650598112925891,46.002181885947223,1044,,,,,,,3,,,,,
-66.649181851618977,46.003954887635714,1045,,,,,,,3,,,,,
-66.648528012422986,46.004717522357829,1046,,,,,,,4,,,,,
-66.64962235676812,46.005154111572608,1047,,,,,,,3,,,,,
-66.645697765513574,45.998893570150145,1048,,,,,,,3,,,,,
-66.645208246741277,45.99978928622231,1049,,,,,,,3,,,,,
-66.643875293378528,46.002114406166854,1050,,,,,,,4,,,,,
-66.643303090454722,46.00276264021764,1051,,,,,,,4,,,,,
-66.64212431365921,46.001335782703364,1052,,,,,,,3,,,,,
-66.644548824000665,45.998418922899241,1053,,,,,,,3,,,,,
-66.645748149003836,45.997274724573728,1054,,,,,,,3,,,,,
-66.646584476946813,45.993217173754857,1055,,,,,,,3,,,,,
-66.643370353494376,45.997087299270561,1056,,,,,,,3,,,,,
-66.643618507688018,45.997943988351523,1057,,,,,,,3,,,,,
-66.637301097863741,46.006864600207273,1058,,,,,,,3,,,,,
-66.637711618513862,46.007092638280284,1059,,,,,,,3,,,,,
-66.640666183282661,46.008231692526238,1060,,,,,,,4,,,,,
-66.642444399321974,46.008896037374591,1061,,,,,,,4,,,,,
-66.641981435171559,46.009544127513102,1062,,,,,,,4,,,,,
-66.640203010562914,46.008803598618037,1063,,,,,,,3,,,,,
-66.64512579196483,46.010016273502835,1064,,,,,,,3,,,,,
-66.645864649793921,46.010358129557801,1065,,,,,,,3,,,,,
-66.646987025122442,46.011023241082036,1066,,,,,,,3,,,,,
-66.645620220118815,46.010948820879634,1067,,,,,,,3,,,,,
-66.641764347171829,46.010153821190826,1068,,,,,,,3,,,,,
-66.639739972731363,46.009432634994539,1069,,,,,,,3,,,,,
-66.63632008233273,46.00802749162613,1070,,,,,,,3,,,,,
-66.634793794060926,46.009762356003499,1071,,,,,,,3,,,,,
-66.637009721063635,46.010597666222807,1072,,,,,,,3,,,,,
-66.637994668557226,46.010996410084275,1073,,,,,,,3,,,,,
-66.637422399498746,46.011682703402244,1074,,,,,,,3,,,,,
-66.636658880987639,46.012407312106582,1075,,,,,,,3,,,,,
-66.63584020851539,46.01294153609129,1076,,,,,,,3,,,,,
-66.635155530908122,46.012390062454479,1077,,,,,,,3,,,,,
-66.636437257095096,46.011207776863102,1078,,,,,,,3,,,,,
-66.634416480442923,46.011952915414369,1079,,,,,,,3,,,,,
-66.633404118269027,46.011516083330726,1080,,,,,,,3,,,,,
-66.633789722312542,46.012734476487616,1081,,,,,,,3,,,,,
-66.634774962121242,46.013247514287585,1082,,,,,,,3,,,,,
-66.634531050280657,46.014104803328408,1083,,,,,,,3,,,,,
-66.630648367980001,46.013557036669731,1084,,,,,,,3,,,,,
-66.631591825553343,45.996530194057208,1085,,,,,,,3,,,,,
-66.631461087895246,45.999006127826064,1086,,,,,,,3,,,,,
-66.671179471616512,45.910651229976338,1087,,,,,,,3,,,,,
-66.671604286883621,45.910174474111251,1088,,,,,,,3,,,,,
-66.673514652492443,45.907642206898252,1089,,,,,,,4,,,,,
-66.634602240856779,45.93884240107235,1090,,,,,,,3,,,,,
-66.63449444270239,45.939413866052028,1091,,,,,,,3,,,,,
-66.640834681452716,45.944101476579284,1092,,,,,,,3,,,,,
-66.642714682186394,45.945337031054265,1093,,,,,,,3,,,,,
-66.64454211877559,45.946013186715824,1094,,,,,,,3,,,,,
-66.642228622128883,45.948741857982384,1095,,,,,,,3,,,,,
-66.639030243948596,45.945746290989391,1096,,,,,,,3,,,,,
-66.63896357769363,45.946377224822548,1097,,,,,,,3,,,,,
-66.639669541927574,45.948911669274096,1098,,,,,,,4,,,,,
-66.644228573518774,45.9435496918409,1099,,,,,,,3,,,,,
-66.647942390721951,45.943987708666391,1100,,,,,,,3,,,,,
-66.637457577829679,45.95418970903615,1101,,,,,,,3,,,,,
-66.696660630167287,45.964044031436543,1102,,,,,,,3,,,,,
-66.754210783216749,45.966234387767976,1103,,,,,,,3,,,,,
-66.752754782413476,45.966509490651362,1104,,,,,,,3,,,,,
-66.730421293458676,45.964840843077745,1105,,,,,,,3,,,,,
-66.729448255885686,45.964807100707191,1106,,,,,,,3,,,,,
-66.728850719933789,45.964772596195644,1107,,,,,,,3,,,,,
-66.728543148476476,45.964689893885499,1108,,,,,,,3,,,,,
-66.727859930253516,45.964572235673018,1109,,,,,,,3,,,,,
-66.727620486007908,45.964453686348143,1110,,,,,,,3,10,Barrington Rd,,,
-66.727039682243685,45.9643358191611,1111,,,,,,,3,,,,,
-66.727728970801493,45.965929423598872,1112,,,,,,,3,,,,,
-66.728804536839547,45.965986779905641,1113,,,,,,,3,,,,,
-66.728415250991461,45.966785053553757,1114,,,,,,,3,,,,,
-66.712898202060117,45.966434257551079,1115,,,,,,,2,,,,,
-66.690862972832747,45.951785233917107,1116,,,,,,,3,,,,,
-66.666743622240688,45.960643161341636,1117,,,,,,,3,,,,,
-66.664950843274838,45.960395815103979,1118,,,,,,,3,,,,,
-66.663772837625388,45.960266585817955,1119,,,,,,,3,,,,,
-66.662714341164317,45.960149076142208,1120,,,,,,,3,,,,,
-66.657551139829835,45.956990184974089,1121,,,,,,,3,,,,,
-66.658566082343214,45.941931655749656,1122,,,,,,,3,,,,,
-66.660289406930289,45.936084929543917,1123,,,,,,,2,,,,,
-66.659558903515645,45.937145313333481,1124,,,,,,,2,,,,,
-66.65583910669109,45.936876704313256,1125,,,,,,,2,,,,,
-66.627732431027852,45.918057580143412,1126,,,,,,,3,,,,,
-66.629468228393506,45.916472532311907,1127,,,,,,,3,,,,,
-66.621001576429236,45.959582142706537,1128,,,,,,,3,,,,,
-66.621839705733464,45.960426350346701,1129,,,,,,,3,,,,,
-66.636101990796945,45.970590084871496,1130,,,,,,,4,,,,,
-66.635342750303607,45.970048221516507,1131,,,,,,,3,,,,,
-66.643818736472213,45.950945188854334,1132,,,,,,,3,,,,,
-66.636681509990822,45.929105083941657,1133,,,,,,,3,,,,,
-66.632657376958861,45.935385044704965,1134,,,,,,,3,,,,,
-66.63325820545991,45.935936860032598,1135,,PEDCROSS,,,,,2,,,1,,
-66.640980070527405,45.934508503788891,1136,,,,,,,3,,,,,
-66.687921614891366,45.978167625567657,1137,Sunset at civic 107,PEDCROSS,,,,,2,,,1,,
-66.68388947092572,45.980218784138245,1138,,,,,,,3,,,,,
-66.668739965839976,45.980879219555348,1139,,,,,,,3,,,,,
-66.671941373627092,45.980931560425624,1140,,,,,,,3,,,,,
-66.659316599962281,45.980669030533335,1141,,,,,,,3,,,,,
-66.65142674157741,45.976423412694494,1142,,,,,,,3,,,,,
-66.591935446069044,45.978876949657128,1143,,,,,,,3,,,,,
-66.60711593161983,45.982846235637211,1144,,,,,,,3,,,,,
-66.713017250048225,45.966126607473207,1145,,,,,,,2,,,,,
-66.624399593061739,45.969696359745605,1146,,,,,,,3,,,,,
-66.623559187607825,45.965620554850105,1147,,,,,,,3,,,,,
-66.624283785883435,45.965256728463558,1148,,,,,,,3,,,,,
-66.626700345214502,45.971054000855759,1149,,PEDCROSS,,,,,4,,,2,,
-66.595035340210828,45.974907473784306,1150,,,,,,,3,,,,,
-66.578205476131885,45.969945571925436,1151,,,,,,,3,,,,,
-66.727716586688416,45.95974087393946,1152,,,,,,,4,,,,,
-66.675753199015972,45.961775399012282,1153,,,,,,,3,,,,,
-66.679006434408308,45.964006157357062,1154,,,,,,,4,,,,,
-66.659077551012302,45.962806062438666,1155,,,,,,,3,,,1,,
-66.636017611406402,45.957436101206106,1156,,PEDCROSS,,,,,3,,,3,,
-66.625649952809624,45.96279398870702,1157,,,,,,,3,,,,,
-66.616785565426227,45.963880640836344,1158,,PEDCROSS,,,,,3,,,2,,
-66.689860617911819,45.94462397712843,1159,,,,,,,4,,,,,
-66.666873862442358,45.945893596273336,1160,Smythe@Priestman@Parkside,TRAFFIC,2002,,,,4,,,,,1978
-66.661359769727582,45.943080721815512,1161,York near Priestman,Crosswalk,,,,,2,,,1,,
-66.649680848055525,45.943761666514078,1162,,Crosswalk,,,,,2,,,1,,
-66.611987699913726,45.939878339591218,1163,,,,,,,3,,,,,
-66.635320254296516,45.936123585475002,1164,,,,,,,3,,,,,
-66.640765682762904,45.935278537279018,1165,,PEDCROSS,,,,,3,,,2,,
-66.620468023618017,45.921084325599871,1166,Wilsey Near Hilton,RA5,2007,,,,2,,,1,,
-66.622457160482767,45.905619948793742,1167,,,,,,,3,,,,,
-66.621876274507954,45.905438910785435,1168,,,,,,,3,,,,,
-66.577691650722812,45.90372097070577,1169,,,,,,,3,,,,,
-66.64158357419582,45.95128997027274,1171,,PEDCROSS,,,1,,,,,1,,
-66.648771937346808,45.943500635332981,1172,,,,,,,,765,Montgomery,,,
-66.651170791669287,45.944356918083045,1173,,,,,,,,680,Montgomery,,,
-66.657992279891928,45.95642919800644,1174,Smythe @ Connaught,RA5,2012,,,,,100,Connaught,,,
-66.661752048766587,45.94402826746564,1175,York @ Priestman Elementary,RA5,2012,,,,,1080,York,,,
-66.648844622924756,45.980297547613688,1176,Maple @ McDonald,RA5,2012,,,,,302,Maple,,,
-66.668337837121982,45.94407664763294,1177,Smythe @ Cdn Tire,TRAFFIC,2014,,,,,,,,,2014
-66.657896460584837,45.956469856298064,1178,,Crosswalk,,,,,,,,,,
-66.654929381378778,45.956461794789767,1180,,Crosswalk,,,,,,,,,,
-66.65260799427692,45.955558601513047,1182,,Crosswalk,,,,,,,,,,
-66.67141718636465,45.940421369246543,1184,,TRAFFIC,,,,,,,,,,
-66.624238576414314,45.95923328452151,1185,Union St @ Picaroons,RA5,2015,,,,,884,,,,
-66.644757535500105,45.961146617481091,1,Brunswick@York,TRAFFIC,1986,,4,"N,S,E,W",3,150,York,,,1986
-66.643955885307477,45.962064721661015,2,King@York,TRAFFIC,1985,Countdown Pedistrial Signals,4,"N,S,E,W",4,103,York,,,1985
-66.642502227809473,45.960230900486138,3,Brunswick@Carleton,TRAFFIC,1985,,3,"N,E,W",2,502,Brunswick,,,1985
-66.64178516621412,45.961159723521966,4,King@Carleton,TRAFFIC,2010,Countdown Pedistrial Signals,4,"N,S,E,W",4,500,King,,,0
-66.643214394821612,45.963046241780155,5,Queen@York,TRAFFIC,1988,,4,"N,S,E,W",3,45,York,,,0
-66.64095052824878,45.962039944218496,6,Queen@Carleton,TRAFFIC,1989,,4,"N,S,E,W",3,60,Carleton,,,0
-66.639499721535614,45.960195887145282,7,Regent@King,TRAFFIC,2011,Countdown Pedistrial Signals,4,"N,S,E,W",4,110,Regent,,2,0
-66.638692578108945,45.961175232456604,8,Regent@Queen,TRAFFIC,2011,Countdown Pedistrial Signals,4,"N,S,E,W",3,50,Regent,,3,1981
-66.625160028541003,45.961885789862663,9,Gibson@Union,TRAFFIC,1990,,,,4,790,Union,,2,1968
-66.622930361168542,45.953825592924147,10,Watters@Riverside,TRAFFIC,1994,,,,3,10,Riverside,,2,1994
-66.598689946732634,45.953116237204974,11,Marysville Bypass@Greenwood,TRAFFIC,1993,,,,4,274,Greenwood,,5,1993
-66.633412866956519,45.956365884585296,12,Waterloo Row Underpass,TRAFFIC,2001,East side of underpass. New walk signals and cross,,,4,5,Waterloo Row,,2,1972
-66.645372958430755,45.963954647102398,13,Westmorland@Queen,TRAFFIC,2010,Countdown Pedistrial Signals ,4,"N,S,E,W",3,300,Queen,,,1981
-66.646243225041246,45.962980101353601,14,Westmorland@King,TRAFFIC,2001,,4,"N,S,E,W",4,298,King,,,0
-66.646949866946926,45.962105834883971,15,Brunswick@Westmorland,TRAFFIC,1985,,4,"N,S,E,W",3,298,Westmorland,,,1985
-66.649246281057856,45.963034006103662,16,Brunswick@Northumberland,TRAFFIC,1985,,,,3,160,Northumberland,,,1968
-66.647884921647687,45.961187657703334,17,Westmorland@George,TRAFFIC,2003,,4,"N,S,E,W",4,200,Westmorland,,,2003
-66.651548360760245,45.964245982597099,18,Smythe@King@Brunswick,TRAFFIC,1992,,5,"N,S,E,W",4,160,Smythe,,2,1992
-66.644510309571444,45.954400371939727,19,Regent@McLeod,TRAFFIC,2003,,4,"N,S,E,W",4,610,McLeod,,2,2003
-66.645606797269522,45.960204020457745,20,George@York,TRAFFIC,1986,,4,"N,S,E,W",4,199,York,,,1986
-66.640328448630328,45.959220971192075,21,Brunswick@Regent,TRAFFIC,1985,,4,"N,S,E,W",3,150,Regent,,3,1985
-66.641142962864947,45.958335233770242,22,Regent@George,TRAFFIC,1986,,4,"N,S,E,W",4,199,Regent,,2,0
-66.657214110409839,45.957416180328167,23,Smythe@Dundonald,TRAFFIC,1993,,4,"N,S,E,W",4,501,Smythe,,,1993
-66.638099205034308,45.958299127121478,24,Brunswick@St John,TRAFFIC,1986,,4,"N,S,E,W",3,700,Brunswick,,2,1968
-66.668901570331968,45.959859144700218,25,Hanwell@Waggoners,TRAFFIC,2005,,4,"3E,1N",3,200,Hanwell,3,2,2005
-66.66898530735574,45.962418258579731,26,Woodstock@Hanwell,TRAFFIC,1993,,2,2E,3,410,Woodstock,1,4,1993
-66.68841948765288,45.950813792528066,27,Hanwell@Prospect,TRAFFIC,2000,Walk signals north and west approaches,3,3E,4,987,Prospect,,3,0
-66.693823728734145,45.946769484124452,28,Hanwell@Bishop,TRAFFIC,2003,,,,4,2,Bishop,,2,2003
-66.676709806460806,45.945639279964816,29,Prospect@Greensfield,TRAFFIC,2004,,2,"N,W",3,840,Prospect,,,2002
-66.592710259124061,45.978816376767995,30,Canada@Bridge,TRAFFIC,1991,,,,4,260,Canada,,,1991
-66.657827149912791,45.980199396262655,31,Main@Brookside,TRAFFIC,1994,,,,4,99,Main,,,1994
-66.637938747563211,45.976858916704529,32,Ring Rd@Maple,TRAFFIC,2002,,,,4,645,Maple,,5,1981
-66.653151748374555,45.978176310500238,33,Main@Fulton,TRAFFIC,2001,,,,3,158,Main,,,0
-66.649188918355478,45.976463457093374,34,Main@Shoppers Drug Mart,TRAFFIC,2000,Fully signalized intersection,,,2,270,Main,,,2000
-66.639294157750498,45.949410218560296,35,Beaverbrook@University,TRAFFIC,1990,,,,4,500,University,,,1990
-66.645718234887255,45.953019243850072,36,Regent@Beaverbrook,TRAFFIC,2003,,4,"N,S,E,W",4,504,Regent,,2,1967
-66.650375327184619,45.954679704872348,37,York@Dundonald,TRAFFIC,2000,Intersection Rebuild,4,"N,S,E,W",4,501,York,,,1974
-66.652708130124537,45.944944552964081,38,Regent@Montgomery,TRAFFIC,1992,,,,4,900,Regent,,2,1973
-66.656165053291858,45.940989447071196,39,Regent@Priestman,TRAFFIC,1992,,,,4,1110,Regent,,2,1980
-66.657006550871387,45.946864416706241,40,York@Montgomery,TRAFFIC,1995,,,,4,903,York,,,1995
-66.662451687348963,45.943696286592768,41,York@Priestman,TRAFFIC,1995,,,,4,1090,York,,,1995
-66.633949760962807,45.936542319585911,42,Forest Hill Rd@Canterbury,TRAFFIC,2002,,,,3,500,Forest,,,2002
-66.627948915235777,45.930255006233558,43,Forest Hill Rd@Kimble,TRAFFIC,2004,,,,4,400,Kimble,,,2004
-66.619111769527564,45.929026943422166,44,Lincoln@Wilsey,TRAFFIC,2006,,,,3,3,Wilsey,,2,2006
-66.618017286073183,45.946007772727206,45,Barkers Point Bypass@Riverside,TRAFFIC,1988,,,,4,221,Riverside,,3,1988
-66.663588892659945,45.932429957640807,46,Regent@Arnold,TRAFFIC,1995,,,,4,1431,Regent,,3,1995
-66.661837791604583,45.934203219985577,47,Regent@Regent Mall,TRAFFIC,2006,,,,4,1401,Regent,,2,1979
-66.666583252020189,45.936465323056161,48,Bishop@Arnold,TRAFFIC,2007,,,,4,,,,2,2007
-66.667110405634332,45.941403557615686,49,Prospect@Cleves,TRAFFIC,2007,,4,"N,S,E,W",4,1050,Prospect,,,2007
-66.663924717997489,45.940231406322162,50,Prospect@Fredericton Mall,TRAFFIC,2003,,,,4,1151,Prospect,,,1979
-66.669679316607272,45.942544227172419,51,Smythe@Prospect,TRAFFIC,1998,,3,"N,S,E",4,1000,Prospect,,,1973
-66.658623554552562,45.938074880230126,52,Regent@Prospect,TRAFFIC,1992,,,,4,1170,Regent,,3,1973
-66.660816881900644,45.939044541983208,53,Prospect@Zellers,TRAFFIC,2003,,,,4,1195,Prospect,,,2003
-66.651862644224281,45.990269362486444,54,Ring Rd@Brookside,TRAFFIC,2010,Countdown Pedistrial Signals,,,4,330,Brookside,,5,0
-66.632412419409491,45.988211458109134,55,St.Marys@Two Nations,TRAFFIC,2000,,,,4,660,St. Mary's,,3,2000
-66.635367516003626,45.971448932440083,56,St. Marys@Union,TRAFFIC,2008,,,,4,450,Union,,2,0
-66.631107420546698,45.97313459833169,57,Cliffe@MacLaren,TRAFFIC,1999,,,,3,200,Cliffe,,,1999
-66.64402815478843,45.974580125399427,58,Main@Lynn,TRAFFIC,2000,,,,4,355,Main,,1,0
-66.664041987363348,45.984448409194108,59,Main@Sunset,TRAFFIC,1993,,,,3,19,Main,,,1993
-66.647339468630307,45.975748823142311,60,Main@Wallace,TRAFFIC,2004,,,,4,98,Wallace,,,0
-66.634079909713336,45.975816561055943,61,St.Marys@Maple,TRAFFIC,1990,,,,3,241,St. Mary's St,,4,1990
-66.665293656664119,45.929035969378326,62,Regent@Wayne Squibb,TRAFFIC,2006,,,,4,1446,Regent St,,2,2006
-66.666995907435364,45.94562679288196,63,Smythe@Priestman@Parkside,TRAFFIC,2002,,,,4,1060,Smythe,4,,1978
-66.649400144713937,45.959286608942747,64,Westmorland@Saunders,TRAFFIC,2001,,4,"N,S,E,W",4,300,Westmorland,4,,2001
-66.629514283310257,45.987512973262639,65,Two Nations@South Access,TRAFFIC,2006,,,,4,98,Two Nations,,,2006
-66.656436010709172,45.958374680308346,66,Smythe@Victoria,PED,2003,,,,4,445,Smythe,1,,
-66.658140768817162,45.964957154306902,67,Woodstock@Rookwood,PED,2003,,1,E,3,100,Woodstock,1,,
-66.614076651001071,45.913225010356861,68,Wilsey Road@Maple Leaf Homes,PED,2006,,,,2,645,Wilsey,1,,
-66.635847945456547,45.957356846005396,69,Church @ Brunswick,FLSTOP,1990,,3,"N,S,W",3,,,,,
-66.62673681922557,45.971118651527917,70,Clark @ MacLaren,FLSTOP,1995,,,,4,,,,,
-66.652634845314694,45.955521165035734,71,Westmorland @ Dundonald,RA5,2006,,1,E,4,290,Dundonald,1,,
-66.588816966513477,45.988850769753697,72,Canada@Mason,FLBEACON,1990,,,,3,,,,,
-66.640840346319123,45.935379168374048,73,Cantebury @ Essex,FLBEACON,1985,,,,3,,,,,
-66.620476202582353,45.907969189442895,74,Doak@Allison,FLBEACON,2006,,,,4,,,,,
-66.616860801093353,45.96382385474196,75,Gibson @ MacLaren,FLBEACON,1985,,,,3,,,,,
-66.585094942747219,45.908973689455387,76,Lincoln @ Vanier Industrial,TRAFFIC,2009,,,,3,1690,Lincoln ,,4,2009
-66.653932634023747,45.950511033027531,77,York @ Kings College Road,FLBEACON,2005,,,,0,,,1,,
-66.635976811775905,45.946097799960334,78,Beaverbrook@Forest Hill,RA5,2006,,,,3,800,Beaverbrook,1,,
-66.641780745572689,45.951186900409709,79,Beaverbrook@Windsor,RA5,2005,,1,E,4,800,Beaverbrook,1,,
-66.653134470623783,45.988775177221818,80,Douglas@Brookside,RA5,2004,,,,3,305,Brookside,1,,
-66.654975822928222,45.956583845333711,81,Dundonald@Northumberland,RA5,2004,,1,W,4,499,Northumberland,1,,
-66.634244114132514,45.937249378211817,82,Forest Hill@St. Thomas Res,RA5,2000,,,,2,399,Forest Hill,1,,
-66.631655792149417,45.929344451391415,83,Kimble@Kimble Field,RA5,1999,,,,2,618,Kimble,1,,
-66.661282588912883,45.981683474718935,84,Main@Anglican Church,RA5,2000,,,,2,64,Main,1,,
-66.660173656788601,45.981071392804857,85,Main@Memorial School,RA5,2003,,,,2,80,Main,1,,
-66.644406482746746,45.978802448424801,86,Maple@Wallace,RA5,2006,,,,3,394,Wallace,1,,
-66.643502623426755,45.955569446248866,87,Regent@Aberdeen,RA5,2002,,1,N,4,365,Regent,1,,
-66.646430042964624,45.952238142244767,88,Regent@Albert,RA5,2003,,1,N,4,549,Regent,1,,
-66.649443681964414,45.948751765908398,89,Regent@Kings College,TRAFFIC,2009,,,,4,728,Regent,,2,2009
-66.664324212405305,45.985806538687797,90,Royal Rd@Hawkins,RA5,2007,,,,3,31,Royal,1,,
-66.659786896920011,45.954332633817224,91,Smythe@Kings College,RA5,2003,,1,N,3,660,Smythe,1,,
-66.653936702968764,45.961375612325213,92,Smythe@Saunders,RA5,2002,,1,N,4,97,Saunders,1,,
-66.667844728230477,45.982957501139282,93,Sunset@Burpee,RA5,2007,,,,4,368,Burpee,1,,
-66.630493296903126,45.968361874525932,94,Union St @ Devon Plaza,TRAFFIC,2010,,,,3,581,Union,,2,2010
-66.662764699367642,45.958587046080893,95,Waggoners@Rookwood,RA5,2001,,1,W,4,291,Rookwood,1,,
-66.654213780448131,45.964545137451722,97,Woodstock@Odell,RA5,2007,,1,W,3,6,Woodstock,1,,
-66.651815054433783,45.952915873602592,98,York@Albert,RA5,2004,,1,N,4,579,York,1,,
-66.653798267932501,45.950633923374497,99,York@Kings College,RA5,2005,,,,4,690,York,1,,
-66.638274654761545,45.922082567437251,100,Kimble@Alison@Knowledge,TRAFFIC,2009,,,,4,,,,2,2009
-66.633735459899853,45.970504272230031,101,Cliffe@Union,TRAFFIC,2009,,,,4,490,Union,,2,2009
-66.641841436271861,45.980326521309415,102,Woodmount at Longwood,,,,,,3,,,,,
-66.645229867784082,45.981642590806842,103,Longwood at Lilac,RA5,2011,,,,3,199,Longwood,1,,
-66.648059563102848,45.98177539212476,105,MacDonald at Hilltop,PEDCROSS,,,,,3,,,2,,
-66.668631509315958,45.982664424644732,106,Sunset at Floral,PEDCROSS,,,,,3,,,1,,
-66.658712980103004,45.984074813955594,107,Hawkins at Edgewood,PEDCROSS,,,,,3,,,1,,
-66.647108549701827,45.982474262629836,108,MacDonald at Longwood,PEDCROSS,,,,,3,,,1,,
-66.648127873679115,45.986054649822741,109,Nashwaaksis School at Fulton,PEDCROSS,,,,,3,,,1,,
-66.646878560890073,45.987711533834293,110,Carrington at Fulton,,2006,,,,3,,,,,
-66.664848169580083,45.988484361110018,111,Royal Road at Primrose,PEDCROSS,,,,,2,,,1,,
-66.666598487975946,45.992985959258355,112,McLeod Hill at Royal Road,PEDCROSS,,,,,3,,,1,,
-66.654532161585848,45.994451649974636,113,McKnight at Reynolds,,2005,,,,4,,,,,
-66.673133337190635,45.980240506614415,115,Sunset at Clearview,PEDCROSS,,,,,3,,,1,,
-66.675814269904151,45.978606392230738,116,Sunset at McAdam,PEDCROSS,,,,,3,,,1,,
-66.686343477459971,45.977977395064059,117,Sunset at civic 107,PEDCROSS,,,,,2,,,1,,
-66.625441519117658,45.968513506187605,118,School at Devon Middle School,PEDCROSS,,,,,2,,,1,,
-66.622849844450371,45.968793698843584,119,MacLaren at Neill,PEDCROSS,,,,,4,,,2,,
-66.62519093345098,45.966878288568367,120,Dobie at Neill,PEDCROSS,,,,,4,,,2,,
-66.620292471028705,45.965936707445969,121,Medley at Coombes,PEDCROSS,,,,,3,,,2,,
-66.618633732937127,45.966311457209571,122,MacLaren at Medley,PEDCROSS,,,,,4,,,2,,
-66.617148473953506,45.964419266177835,123,MacLaren at Sewell,PEDCROSS,,,,,4,,,2,,
-66.622767214919307,45.962462224757388,124,Gibson at Barker,PEDCROSS,,,,,3,,,1,,
-66.589358168715663,45.978896124932348,125,Bridge at River,SCCROSS,,,,,4,,,1,,
-66.61837245766489,45.953170381460524,126,Carman at Corbett,PEDCROSS,,,,,3,10,Carman,1,,
-66.617998583827955,45.951458759125018,127,Carman at Colwell,PEDCROSS,,,,,3,59,Carman,1,,
-66.702319170039516,45.964183199104802,128,Golf Club and Kingswood,Crosswalk,,,,,3,,,1,,
-66.655833864709265,45.955630392219327,130,Connaught at Northumberland,RA5,2011,,1,W,3,199,Connaught,1,,
-66.650626832749523,45.952512572128086,131,Albert at Michell,,,,,,3,,,,,
-66.649735330031831,45.95242767082744,132,Albert at Palmer,Crosswalk,,,1,W,3,,,1,,
-66.64863820427972,45.952362159016204,133,Albert at Reid,,,,,,3,,,,,
-66.651640587165133,45.960265702967646,134,Northumberland @ Saunders,PEDCROSS,,,1,N,3,,,1,,
-66.654814850215146,45.963050902554308,135,Odelle and Charlotte,PGCROSS,,,1,N,3,,,1,,
-66.648449961838665,45.963973470377674,136,Northumberland at King,PEDCROSS,2000,Raised Island,3,"N,S,E",4,,,3,,
-66.647780112424471,45.964787307634346,137,Queen at Northumberland,PEDCROSS,2001,Channelization Island,3,"N,S,W",3,,,3,,
-66.636440487844425,45.960143323065438,138,St. John at Queen,TRAFFIC,2010,,3,"S,E,W",2,700,Queen,,1,2010
-66.634722555697493,45.958619884927742,139,Church at Queen,PEDCROSS,2000,Curb Extension,2,"S,W",2,,,1,,
-66.634992686124932,45.958273457725113,140,King at Church,PEDCROSS,,,2,"S,W",4,,,3,,
-66.6341034498505,45.95769407121049,141,King at Queen,PEDCROSS,,,1,W,2,,,1,,
-66.641348057127288,45.954566725997232,142,St. John and Aberdeen,PGCROSS,,,4,"N,S,E,W",4,,,4,,
-66.639078628642892,45.953618356199392,143,Aberdeen at Church,PGCROSS,,,2,"N,W",4,,,2,,
-66.642059768071434,45.957223153403469,144,Regent @ Charlotte,PEDCROSS,,,1,S,4,,,1,,
-66.63549213686224,45.946305987504061,145,Beaverbrook at Waterloo,PEDCROSS,,,,,4,,,1,,
-66.635079867860568,45.954340497287426,146,University at Charlotte,PEDCROSS,,,,,3,,,1,,
-66.647554889852969,45.952258503854068,147,Albert at Chestnut,,2004,,1,W,3,,,,,
-66.645169584615161,45.947132635856228,148,Windsor at Kings College,PEDCROSS,2003,,,,4,,,1,,
-66.661752048766587,45.94402826746564,149,York near Priestman,SCCROSS,,,,,2,1080,York,1,,
-66.640945151599311,45.932727072770113,150,Canterbury at Liverpool,PEDCROSS,,,,,3,,,2,,
-66.620736949263559,45.976854612971081,151,Cliffe @ Leo Hayes,TRAFFIC,2014,,,,4,450,Cliffe,1,,2014
-66.618268945666287,45.953656220753921,152,Watters @ Carman,RA5,2010,,,,3,70,Watters,1,,
-66.602270587329144,45.98151633899753,153,Crocket @ Pettigrove,RA5,2010,,,,3,212,Crocket,1,,
-66.634282158022259,45.9403249946402,154,Forest Hill @ Route 8,TRAFFIC,2010,,,,4,,,,3,2010
-66.648178419591886,45.986494234164219,156,Fulton @ Sierra,RA5,2008,,,,3,360,Fulton,1,,
-66.633738307046428,45.948609112572484,157,Waterloo @ Alexandra,RA5,2008,,,,3,266,Waterloo,1,,
-66.663524946315491,45.949678027948337,159,Smythe @ Montgomery,RA5,2009,,,,3,902,Smythe,1,,
-66.640846056945492,45.97366205031495,160,Main @ Westmorland Street Bridge,RA5,2009,,,,2,320,Union,1,,
-66.63410239079181,45.974742994095479,161,St Marys @ Highland,PEDCROSS,2009,,,,3,,,1,,
-66.63726914894022,45.959263937011819,162,King @ St John,TRAFFIC,2010,,4,"N,S,E,W",4,,,,,2010
-66.661145929485102,45.981297021552692,163,72 Main Street,FDBK,,,,,0,,,,,
-66.658788079476565,45.980699243874255,164,91 Main Street,FDBK,,,,,0,,,,,
-66.623751759903087,45.969118441667611,165,686 MacLaren Avenue,FDBK,,,,,0,,,,,
-66.622016677001383,45.968495813373174,166,719 MacLaren Avenue,FDBK,,,,,0,,,,,
-66.592027049419954,45.976546449938709,167,231 Canada Street,FDBK,,,,,0,,,,,
-66.592833810733723,45.978138392023475,168,245 Canada Street (front of Tim Hortons),FDBK,,,,,0,,,,,
-66.633793279788961,45.936173503940111,169,515 Forest Hill Road,FDBK,,,,,0,,,,,
-66.632255760361133,45.935268302925131,170,590 Forest Hill Road,FDBK,,,,,0,,,,,
-66.629852067062231,45.930512660861545,171,Across from 500 Kimble Drive,FDBK,,,,,0,,,,,
-66.632376394873575,45.928992133751422,172,Near 605 Kimble Drive (school),FDBK,,,,,0,,,,,
-66.635885816509926,45.924689178956221,173,Kimble Drive,RA5,2011,,,,2,845,Kimble,1,,
-66.658866010290225,45.942058276394,174,Priestman at Abbott,Crosswalk,2001,,,,3,,,1,,
-66.642439644972256,45.950496264158332,175,Windsor at Albert,PEDCROSS,2003,,1,N,3,,,1,,
-66.643979086295118,45.948633909125128,176,Windsor at civic 660,PEDCROSS,2003,,,,2,,,1,,
-66.648386164230303,45.943205705230937,177,Montgomery at Windsor,Crosswalk,2003,,,,3,,,1,,
-66.647886826642974,45.957494254072259,178,York at Aberdeen,PEDCROSS,2006,,1,N,4,,,1,,
-66.632027529105102,45.972310101508491,179,Cliffe at Dedham,PEDCROSS,2006,,,,3,,,1,,
-66.660993730916275,45.99178946115606,180,McKnight at Barton,,2006,,,,3,,,,,
-66.657614157177122,45.981347023834353,181,Brookside at Shute,PEDCROSS,2007,,,,3,,,1,,
-66.652306740786514,45.980270030821877,182,Fulton at McFarlane,PEDCROSS,2007,,,,3,,,1,,
-66.595082274292707,45.907171557629361,183,Spiro at Rebecca,PEDCROSS,2007,,,,3,,,1,,
-66.595861987377404,45.904504653752632,184,Goodine at Leisure,PEDCROSS,2008,,,,4,,,1,,
-66.595232497445252,45.905290774377555,185,Goodine at Rhonda,PEDCROSS,2008,,,,3,,,1,,
-66.593784962248122,45.906303723627964,186,Goodine at Spiro,PEDCROSS,2008,,,,3,,,1,,
-66.691891883089227,45.945390983182897,187,Bishop at Lian,PEDCROSS,2008,,,,2,,,1,,
-66.651241689692995,45.938901342596616,188,Priestman at Hospital Entrance,Crosswalk,2009,,,,2,,1,1,,
-66.655873479586717,45.961990103879792,189,Saunders and Odell,PEDCROSS,2010,,,,3,,,1,,
-66.633372619625035,45.927651295857686,190,Canterbury at Kimble,PEDCROSS,2011,,,,3,,,1,,
-66.63561443368674,45.928539908995226,191,Canterbury at London,PEDCROSS,2011,,,,3,,,1,,
-66.655069985780457,45.962736319677326,193,Odell and Charlotte,PGCROSS,,,1,S,2,,,1,,
-66.650016459463174,45.962090230277219,194,Northumberland @ George,PEDCROSS,,,1,N,4,,,1,,
-66.643775748708791,45.955578403804616,195,Regent @ Aberdeen,PEDCROSS,,,1,W,2,,,1,,
-66.652634975301936,45.955659965276034,196,Westmorland @ Dundonald,Crosswalk,,,,,2,,,1,,
-66.654813412823145,45.956583301692348,197,Dundonald @ Northumberland,Crosswalk,,,2,"N,S",2,,,2,,
-66.655614265570065,45.955656404743564,198,Northumberland @ Connaught,Crosswalk,,,1,N,2,,,1,,
-66.653479533705308,45.954646673746709,199,Connaught @ Central,,,,,,3,,,,,
-66.655042695333691,45.955251599714835,200,Connaught @ Albert,,,,,,3,,,,,
-66.659107514388083,45.955195994700418,201,Smythe @ Tamarack/Edinburgh,,,,,,4,,,,,
-66.659633030042215,45.954570359138692,202,Smythe @ Shamrock,,,,,,3,,,,,
-66.660780839048599,45.953161824650053,203,Smythe @ Hawthorne,,,,,,3,,,,,
-66.661494898761362,45.95225024476467,204,Smythe @ Lynhaven,,,,,,3,,,,,
-66.661694029977454,45.952071418913327,205,Smythe @ Spruce,,,,,,3,,,,,
-66.66223978575843,45.951385036723863,206,Smythe @ Eglinton,,,,,,3,,,,,
-66.662801149069196,45.950787901925267,207,Smythe @ Heather,,,,,,3,,,,,
-66.661224865316626,45.950936552077046,208,Eglinton @ Oxford,,,,,,3,,,,,
-66.664550692117999,45.948653581525704,209,Smythe @ Beechwood (N),,,,,,3,,,,,
-66.664994351774155,45.948085172738715,210,Smythe @ Massey,,,,,,3,,,,,
-66.663749056076625,45.94761561887357,211,Massey @ Bessborough,,,,,,3,,,,,
-66.666070601205533,45.946801668110439,212,Smythe @ Beechwood (S),,,,,,3,,,,,
-66.666402057297944,45.946379821756828,213,Smythe @ Willingdon,,,,,,3,,,,,
-66.670538358758549,45.941495900036834,214,Smythe @ Route 8,,,,,,3,,,,,
-66.67344439596755,45.946563318323122,215,Parkside @ Greenfields,,,,,,3,,,,,
-66.671317130383244,45.945608361373914,216,Parkside @ Meadowgreen,,,,,,3,,,,,
-66.670456819703389,45.946044108915622,217,Parkside @ Mayland,,,,,,3,,,,,
-66.668127844035695,45.946065428773366,218,Parkside @ Parklyn,,,,,,3,,,,,
-66.674025722728217,45.941515613573017,219,Bishop @ Future Street,,,,,,3,,,,,
-66.665347737690851,45.937862475470908,220,Route 8 @ Arnold ,,,,,,3,,,,,
-66.661866676553331,45.931749403114139,221,Knowledge Park @ Trinity,,,,,,3,,,,,
-66.660397785435549,45.931096826325117,222,Knowledge Park @ RioCan/Crowther,TRAFFIC,2013,,1,,4,,Knowledge Park,,,2013
-66.664041543941849,45.928853887291197,223,Wayne Squibb @ Trinity,,,,,,3,,,,,
-66.663050930199574,45.928414904355321,224,Wayne Squibb @ RioCan,,,,,,3,1,RioCan,,,
-66.661449420588198,45.9466047814118,225,Massey @ Stanley,,,,,,3,,,,,
-66.660766153038011,45.946343886365526,226,Massey @ Lorned,,,,,,3,,,,,
-66.66017092666408,45.947023189344861,227,Lorne @ Bessborough,,,,,,3,,,,,
-66.659525009397441,45.947881103297561,228,Montgomery @ Lorne,,,,,,3,,,,,
-66.657711136651798,45.946062495009514,229,York @ Pederson,,,,,,3,,,,,
-66.658323888810628,45.945537917255805,230,York @ Mansfield,,,,,,3,,,,,
-66.659022897709804,45.945346496386321,231,York @ Massey,,,,,,3,,,,,
-66.659755991361749,45.945143120655153,232,York @ Dufferin,,,,,,3,,,,,
-66.660709851564008,45.944582342303057,233,York @ Lisgar,,,,,,3,1039,York,,,
-66.660270615083391,45.946094625547005,234,Massey @ Willingdon,,,,,,3,,,,,
-66.665337823659371,45.945968344211757,235,Willingdon @ Stanley,,,,,,3,,,,,
-66.658294868994219,45.947323387334571,236,Montgomery @ Michener,,,,,,3,,,,,
-66.661528230736664,45.950223140066903,237,Oxford @ Oxford Crt,,,,,,3,,,,,
-66.659017734941969,45.949488699897458,238,Oxford @ Eglington,,,,,,3,,,,,
-66.656901178878144,45.949253581700773,239,Oxford @ Simcoe,,,,,,3,,,,,
-66.66009535531488,45.950391806050582,240,Eglington @ Studholm,,,,,,3,,,,,
-66.658885394420125,45.950941034184943,241,Lynhaven @ Studholm,,,,,,3,,,,,
-66.659261658451101,45.95123807965124,242,Lynhaven @ Elgin,,,,,,3,,,,,
-66.65798603092351,45.952703909356202,243,Kings College @ Elgin,,,,,,3,,,,,
-66.656019916996883,45.951397308826145,244,King College @ Pembroke (W),,,,,,3,,,,,
-66.654909480874693,45.950946518121697,245,Kings College @ Pembroke (E),,,,,,3,,,,,
-66.657614338630111,45.954013739885475,246,Edinburgh @ Wright (W),,,,,,3,,,,,
-66.654194848600198,45.951685466317805,247,Edinburgh @ Wright (W),,,,,,3,,,,,
-66.654091472193684,45.95745849037619,248,Northumberland @ Victoria,,,,,,4,,,,,
-66.653291907038337,45.958376090246581,249,Northumberland @ Argyle,,,,,,4,,,,,
-66.653821557929291,45.958589627090149,250,Argyle @ Lawrence Close,,,,,,3,,,,,
-66.655598737007125,45.959396603888607,251,Smythe @ Argyle,,,,,,3,,,,,
-66.654850370131101,45.960314144505887,252,Smythe @ Aberdeen,,,,,,3,,,,,
-66.652526483436915,45.959305541304552,253,Northumberland @ Aberdeen,,,,,,4,,,,,
-66.653285293101362,45.96214930278564,254,Smythe @ Charlotte,,,,,,4,,,,,
-66.652451677156776,45.963126455518591,255,Smythe @ George,,,,,,3,,,,,
-66.650876151785937,45.961188392444377,256,Northumberland @ George,,,,,,4,,,,,
-66.651938538571429,45.956509158492281,257,Westmorland @ Victoria,,,,,,4,,,,,
-66.651070623364959,45.957403027830026,258,Westmorland @ Argyle,,,,,,4,,,,,
-66.65023697505876,45.95835636038322,259,Westmorland @ Aberdeen,,,,,,4,,,,,
-66.648654893514205,45.960250991953465,260,Westmorland @ Charlotte,,,,,,4,,,,,
-66.646365349345942,45.959277927016785,261,York @ Charlotte,,,,,,4,,,,,
-66.647045925416734,45.958491461095548,262,York @ Needham,,,,,,3,,,,,
-66.647199109912464,45.958336526403862,263,York @ Saunders,,,,,,3,,,,,
-66.648815382893332,45.956465675369508,264,York @ Argyle,,,,,,3,,,,,
-66.649615025641396,45.955560010308979,265,York @ Victoria,,,,,,3,,,,,
-66.6512653302226,45.953712885365725,266,York @ Connaught,,,,,,3,,,,,
-66.653289290495465,45.951270089967686,267,York @ Edinburgh,,,,,,3,,,,,
-66.655466440862185,45.948755631584412,268,York @ Oxford,,,,,,3,,,,,
-66.65522014501795,45.946113532279909,269,Montgomery @ Mitchell,,,,,,3,,,,,
-66.654109589485614,45.945579414057811,270,Montgomery @ Pederson,,,,,,3,,,,,
-66.654591458104775,45.947054715351975,271,Mitchell @ Kaley,,,,,,3,,,,,
-66.653318340508989,45.949437010248296,272,Mitchell @ Squires,,,,,,3,,,,,
-66.652808372718923,45.950139965740412,273,Kings College @ Mitchelle,,,,,,4,,,,,
-66.651851724171507,45.949748451906416,274,Kings College @ Palmer,,,,,,3,,,,,
-66.651048693662318,45.949368629723871,275,King College @ Reid,,,,,,4,,,,,
-66.650095977766441,45.950417342466459,276,Reid @ Chestnut,,,,,,3,,,,,
-66.646674092535832,45.953421326354835,277,Dundonald @ Beaverbrook/Colter,,,,,,4,,,,,
-66.645692357369072,45.956469717951741,278,Carlton @ Aberdeen,,,,,,3,,,,,
-66.644790707353408,45.957554028932222,279,Carlton @ Needham,,,,,,4,,,,,
-66.644144120088654,45.958292826753741,280,Carleton @ Charlotte,,,,,,4,,,,,
-66.643412707402803,45.95923407596726,281,Carleton @ George,,,,,,3,,,,,
-66.644437881504032,45.959685086883304,282,George @ Sunbury,,,,,,3,,,,,
-66.6436381871507,45.960626424986863,283,Brunswick @ Sunbury,,,,,,2,,,,,
-66.64253578155612,45.956699871304309,284,Regent @ Needham,,,,,,3,,,,,
-66.64401561126931,45.954817356454761,285,Regent @ Scully,,,,,,3,,,,,
-66.650650434150862,45.94723854623836,286,Regent @ Reid,,,,,,3,,,,,
-66.651603086191301,45.946189828583847,287,Regent @ Squires,,,,,,3,,,,,
-66.659560347497134,45.942381929828308,288,Priestman @ Lisgar,,,,,,3,425,Priestman,,,
-66.638953578664371,45.957347056792912,289,St John @ George,,,,,,4,,,,,
-66.636698486652321,45.956385658726262,290,Church @ George,,,,,,4,,,,,
-66.634238600647265,45.955388747941313,291,University @ George,,,,,,3,,,,,
-66.635497650519284,45.953839884570122,292,University @ Shore ,,,,,,3,,,,,
-66.638349156567799,45.954503012235584,293,Church @ Churchill,,,,,,4,,,,,
-66.640587106357785,45.955452497125968,294,St John @ Churchill,,,,,,4,,,,,
-66.639753305420371,45.956405752212532,295,St John @ Charlotte,,,,,,4,,,,,
-66.642773995394492,45.956425806508328,296,Regent @ Churchill,,,,,,3,,,,,
-66.635867877797011,45.958672000704787,297,King @ Secretary,,,,,,3,,,,,
-66.635306287761125,45.9593273260746,298,Queen @ Secretary,,,,,,2,,,,,
-66.650187640944367,45.965331493183861,299,Queen @ Smythe,,,,,,2,,,,,
-66.64193133513254,45.953915359820279,300,St John @ Scully,,,,,,3,,,,,
-66.64249279183673,45.953260000594305,301,St John @ McLeod,,,,,,3,,,,,
-66.64042521164717,45.952179411553445,302,McLeod @ Church,,,,,,3,,,,,
-66.643496494594714,45.952056550965423,303,Beaverbrook @ Tweedsmuir,,,,,,3,,,,,
-66.632544423320468,45.953426764763556,304,Waterloo @ Shore,,,,,,3,,,,,
-66.63271107536886,45.951760170956405,305,Waterloo @ Lansdowne,,,,,,3,,,,,
-66.634690964822255,45.951936385882576,306,Lansdowne @ Kensington,,,,,,3,,,,,
-66.634878614227091,45.951912358176585,307,Lansdowne @ Winslow,,,,,,3,,,,,
-66.636978055796618,45.952124101327932,308,University @ Lansdowne,,,,,,3,,,,,
-66.637828726127879,45.951099427860477,309,University @ Grey,,,,,,3,,,,,
-66.635148678536979,45.950697946094031,310,Grey @ Winslow,,,,,,4,,,,,
-66.633032062748157,45.950414773182921,311,Waterloo @ Grey,,,,,,3,,,,,
-66.638271023938572,45.950551359580253,312,University @ Avondale,,,,,,3,,,,,
-66.638883472482107,45.949812636288129,313,University @ Alexandra,,,,,,3,,,,,
-66.635639653810614,45.94911428231331,314,Alexandra @ Winslow,,,,,,3,,,,,
-66.634270967363534,45.947628048940388,315,Waterloo @ Acacia,,,,,,3,,,,,
-66.63466179540886,45.946961026603844,316,Waterloo @ Elmcroft,,,,,,3,,,,,
-66.644227935216648,45.951162911217004,317,Albert @ Tweedsmuir,,,,,,3,,,,,
-66.644791454226109,45.951316932911098,318,Albert @ Hanson,,,,,,3,,,,,
-66.645352883273929,45.950673462089341,319,Hanson @ Beckwith,,,,,,3,,,,,
-66.648605893905327,45.948360104530316,320,Kings College @ Kitchen,,,,,,3,,,,,
-66.647649337566662,45.947980457900471,321,Kings College @ Hanson,,,,,,4,,,,,
-66.646504975685886,45.947553435415777,322,Kings College @ Graham,,,,,,3,,,,,
-66.645955602666902,45.946280535135145,323,Windsor @ Valleyview,,,,,,3,,,,,
-66.647117091352968,45.946743249990838,324,Valleyview @ Burden,,,,,,3,,,,,
-66.64829572583659,45.947229736904774,325,Hanson @ Valleyview,,,,,,4,,,,,
-66.6490102192477,45.946431311317355,326,Hanson @ Loyalist,,,,,,3,,,,,
-66.649639734086605,45.945763925285107,327,Hanson @ Fenety,,,,,,3,,,,,
-66.648392773955351,45.94524183243287,328,Fenety @ Burden,,,,,,3,,,,,
-66.647231242822599,45.944755324327758,329,Windsor @ Fenety,,,,,,3,,,,,
-66.651308434495789,45.944511916332388,330,Montgomery @ Grandame,,,,,,3,,,,,
-66.646440182799239,45.942411481025253,331,Montgomery @ Duffie,,,,,,3,,,,,
-66.649021658735791,45.938004066775882,332,Priestman @ College Hill,,,,,,3,,,,,
-66.658781369785061,45.957506794829776,333,Waggoners @ Simpson,,,,,,3,,,,,
-66.661553279865359,45.959973923637861,334,Rookwood @ Inglewood,,,,,,3,,,,,
-66.661063876393797,45.960703072315866,335,Rookwood @ Woodfield (S),,,,,,3,,,,,
-66.660574378421018,45.96140365128386,336,Rookwood @ Wilmot,,,,,,3,,,,,
-66.660370647127493,45.96177530767617,337,Rookwood @ Woodfield (N),,,,,,3,,,,,
-66.659575479498017,45.963019083259731,338,Rookwood @ Saunders/Parkhurst,,,,,,4,,,,,
-66.660518239068395,45.963232007782402,339,Parkhurst @ Manor,,,,,,3,,,,,
-66.66199327367913,45.963358468404991,340,Parkhurst @ Brookmount,,,,,,4,,,,,
-66.662914263115283,45.963128618172085,341, Parkhurst @ Woodbine,,,,,,3,,,,,
-66.663855811967537,45.96292729853856,342,Parkhurst @ Riverdale,,,,,,3,,,,,
-66.66479748029154,45.962768820195826,343,Parkhurst @ Ashland,,,,,,3,,,,,
-66.665350301528761,45.962710884498946,344,Parkhurst @ Haviland,,,,,,3,,,,,
-66.665718406749249,45.962524664835222,345,Parkhurst @ Fairlawn,,,,,,3,,,,,
-66.666639624899645,45.962380485305637,346,Parkhurst @ Londale,,,,,,3,,,,,
-66.668049301989655,45.961221454410591,347,Parkhurst@ Inglewood,,,,,,3,,,,,
-66.668499658148036,45.961149371308409,348,Hanwell @ Parkhurst,,,,,,3,,,,,
-66.668727078207496,45.961848921292173,349,Hanwell @ Hermitage,,,,,,3,,,,,
-66.672340263297855,45.95801554840881,350,Hanwell @ Foley,,,,,,3,,,,,
-66.673220072747029,45.957757110109412,351,Hanwell @ Castleton,,,,,,3,,,,,
-66.676046703964985,45.956832680781872,352,Hanwell @ Burnham,,,,,,3,571,Hanwell,,,
-66.681347839142489,45.954892519737456,353,Hanwell @ Golf Greens,,,,,,3,,,,,
-66.683447779522595,45.954136891956139,354,Hanwell @ Trius,,,,,,3,,,,,
-66.685015083268567,45.953334481199754,355,Hanwell @ Osmond,,,,,,3,,,,,
-66.691809994181412,45.948324023373964,356,Hanwell @ Route 8,,,,,,3,,,,,
-66.696207843485524,45.945136074856052,357,Hanwell @ Valcour,,,,,,3,,,,,
-66.697065507427865,45.944496598858798,358,Hanwell @ Hedley,,,,,,3,,,,,
-66.695537088903819,45.94459445908825,359,Valcour @ Ashton,,,,,,3,,,,,
-66.694715533115129,45.943862651703313,360,Valcour @ Langille,,,,,,3,,,,,
-66.695368588945925,45.943261626426271,361,Langille @ Ridgeline,,,,,,3,,,,,
-66.692295546642143,45.942705048375295,362,Valcour @ Ridgeline,,,,,,3,,,,,
-66.691461531625777,45.942296995742197,363,Lian @ Valcour,,,,,,4,,,,,
-66.692251498278637,45.945742735918145,364,Bishop @ Acorn,,,,,,2,,,,,
-66.690712733556339,45.946811822832011,365,Durelle @ Acorn,,,,,,3,,,,,
-66.689249984215095,45.946176272760432,366,Avonlea @ Durelle,,,,,,3,,,,,
-66.700402556785448,45.946300004844446,367,Serenity @ Red Maple,,,,,,3,,,,,
-66.699442221858959,45.948748922850427,368,Woodside @ Serenity,,,,,,3,,,,,
-66.695439053239383,45.947756030492684,369,Woodside @ Hedley,,,,,,3,,,,,
-66.702225274554635,45.940811934033164,370,Hanwell @ Serenity,,,,,,3,,,,,
-66.704307443035376,45.939160853824625,371,Hanwell @ Greer,,,,,,3,,,,,
-66.704904795807892,45.93830277260161,372,Hanwell @ Evergreen,,,,,,3,,,,,
-66.710293765923183,45.934169776601856,373,Hanwell @ Greystone,,,,,,3,,,,,
-66.694542686060785,45.954880241671631,374,Prospect @ Patience,,,,,,3,,,,,
-66.697983382434913,45.953065070595798,375,Rainsford @ Morning Gate,,,,,,3,,,,,
-66.697544460408253,45.954398953811314,376,Rainsford @ Patience,,,,,,3,,,,,
-66.69710505094551,45.955601905530301,377,Rainsford @ Sarahs,,,,,,3,,,,,
-66.696818663205207,45.956649853133577,378,Rainsford @  Anderson,,,,,,3,,,,,
-66.699641956779502,45.953978691623242,379,Sarahs @ Wedgewood,,,,,,3,,,,,
-66.699775984627337,45.953288090389968,380,Morning Gate @ Wedgewood,,,,,,3,,,,,
-66.700811964891514,45.951917436959604,381,Morning Gate @ Jackstraw,,,,,,3,,,,,
-66.702927323988362,45.951747042605824,382,Morning Gate @ Augusta,,,,,,3,,,,,
-66.697689441217705,45.956767371902032,383,Anderson @ Garden,,,,,,3,,,,,
-66.700558130817953,45.957214658955586,384,Anderson @ Marigold,,,,,,3,,,,,
-66.697505031396474,45.957696115211881,385,Garden @ Day,,,,,,3,,,,,
-66.700288090710259,45.958048335330737,386,Marigold @ Day,,,,,,3,,,,,
-66.699950596253558,45.959108283274837,387,Garden @ Marigold,,,,,,3,,,,,
-66.703841756197846,45.959101377535646,388,Highpoint @ Garden,,,,,,3,,,,,
-66.702685725707283,45.960329437532906,389,Highpoint @ Cornerstone,,,,,,3,,,,,
-66.701648420166151,45.961366828702694,390,Propsect @ High Point,,,,,,3,,,,,
-66.707170969577817,45.963987437266624,391,Prospect @ Springhill,,,,,,3,,,,,
-66.702782487435869,45.963447812705141,392,,,,,,,3,,,,,
-66.700851403898142,45.962784678379656,393,,,,,,,3,,,,,
-66.694807701594172,45.962295268135129,394,,,,,,,3,,,,,
-66.693322040270971,45.962071648815083,395,,,,,,,3,,,,,
-66.693508201110305,45.961619023282857,396,,,,,,,3,,,,,
-66.693761376032,45.960809198379408,397,,,,,,,3,,,,,
-66.692195302517177,45.961990237353419,398,,,,,,,3,,,,,
-66.694090700517563,45.962248882923099,399,,,,,,,3,,,,,
-66.697646813017329,45.963944867842343,400,,,,,,,3,,,,,
-66.696379938248228,45.958055148025728,401,,,,,,,3,,,,,
-66.696244591496807,45.958388662153148,402,,,,,,,3,,,,,
-66.689650058033919,45.96135175514619,403,,,,,,,3,,,,,
-66.688970296742198,45.962209891799503,404,,,,,,,3,,,,,
-66.689000488678673,45.961055264658626,405,,,,,,,3,,,,,
-66.686728836214797,45.960547193532236,406,,,,,,,3,,,,,
-66.685602417293765,45.96054903683526,407,,,,,,,3,,,,,
-66.687657999519161,45.962771497993934,408,,,,,,,3,,,,,
-66.687249988409647,45.963248284574988,409,,,,,,,3,,,,,
-66.69169565191595,45.965561935777231,410,,,,,,,3,,,,,
-66.694086158987986,45.965819745234654,411,,,,,,,3,,,,,
-66.701526014751664,45.965247375936436,412,,,,,,,3,,,,,
-66.714076062099352,45.966462349715513,413,,,,,,,3,,,,,
-66.718789860223211,45.967167553913043,414,,,,,,,3,,,,,
-66.715101159457248,45.966710376980842,415,,,,,,,3,,,,,
-66.720565508082316,45.967283153955513,416,,,,,,,3,,,,,
-66.724560039253674,45.967370562973578,417,,,,,,,3,,,,,
-66.723495076127733,45.965718163039,418,,,,,,,3,,,,,
-66.723303047010504,45.964659186069568,419,,,,,,,3,,,,,
-66.723282471216748,45.963790317054681,420,,,,,,,3,,,,,
-66.723415410456539,45.96289734212445,421,,,,,,,3,,,,,
-66.723548730143662,45.962099588600239,422,,,,,,,3,,,,,
-66.723664592908975,45.961206645882442,423,,,,,,,3,,,,,
-66.719058589991349,45.961751237148476,424,,,,,,,3,,,,,
-66.718790172897386,45.962930136558796,425,,,,,,,3,,,,,
-66.718640044208414,45.963811237256301,426,,,,,,,3,,,,,
-66.720412358399713,45.963117450929133,427,,,,,,,3,,,,,
-66.721716516389208,45.96486463733472,428,,,,,,,3,,,,,
-66.720487412380152,45.964819414392309,429,,,,,,,3,,,,,
-66.727752631726261,45.967530856025263,430,,,,,,,3,,,,,
-66.727182814220171,45.961782915230778,431,,,,,,,4,,,,,
-66.72800371164513,45.962185970643773,432,,,,,,,3,,,,,
-66.72887533183345,45.962469888530855,433,,,,,,,3,,,,,
-66.729695757639007,45.962753904015678,434,,,,,,,3,,,,,
-66.730618300061039,45.962966288709481,435,,,,,,,3,,,,,
-66.731539804843536,45.962928708915079,436,,,,,,,3,,,,,
-66.743549722444939,45.96548655333828,437,,,,,,,3,,,,,
-66.751482747822863,45.964636093405581,438,,,,,,,3,,,,,
-66.75250705475969,45.964681436244796,439,,,,,,,3,,,,,
-66.76408227556459,45.965286008111931,440,,,,,,,3,,,,,
-66.769563125035418,45.965665948173118,441,,,,,,,3,,,,,
-66.772330967127402,45.96621879205918,442,,,,,,,3,,,,,
-66.769489864910241,45.964642475635408,443,,,,,,,3,,,,,
-66.769574161744004,45.96442802381825,444,,,,,,,3,,,,,
-66.76892065802285,45.963417826915922,445,,,,,,,3,,,,,
-66.767564419679402,45.961790331870709,446,,,,,,,3,,,,,
-66.767100270157201,45.96110105529484,447,,,,,,,3,,,,,
-66.7680374590432,45.96078937640921,448,,,,,,,3,,,,,
-66.770327105019717,45.961331491027977,449,,,,,,,3,,,,,
-66.764742284768545,45.960535229431841,450,,,,,,,3,,,,,
-66.764635842041343,45.959690372897576,451,,,,,,,3,,,,,
-66.76379266790488,45.961822945521988,452,,,,,,,3,,,,,
-66.764953527169453,45.961879762245069,453,,,,,,,3,,,,,
-66.763849998896291,45.963108322597158,454,,,,,,,3,,,,,
-66.763869849067547,45.963691516692379,455,,,,,,,3,,,,,
-66.763993526173053,45.964572042610271,456,,,,,,,3,,,,,
-66.76663438092281,45.963589848639629,457,,,,,,,3,,,,,
-66.767352724336533,45.963897637375574,458,,,,,,,3,,,,,
-66.771066781551184,45.965995656331984,459,,,,,,,3,,,,,
-66.778327440058618,45.967275538146389,460,,,,,,,3,,,,,
-66.711209813219412,45.962337416400516,461,,,,,,,3,,,,,
-66.679802555060505,45.96145106480126,462,,,,,,,3,,,,,
-66.676713841936532,45.961598739352326,463,,,,,,,3,,,,,
-66.678635103758424,45.959322293861405,464,,,,,,,3,,,,,
-66.678030460314787,45.957049796320817,465,,,,,,,3,,,,,
-66.675868464928882,45.958743364238103,466,,,,,,,3,,,,,
-66.671486862554431,45.960190299255508,467,,,,,,,3,,,,,
-66.672259354721476,45.961629376786199,468,,,,,,,3,,,,,
-66.674701781636983,45.96219698886803,469,Woodstock Rd @ Golf Club Rd,RA5,2013,,,,3,600,Woodstock,,,
-66.672853326539482,45.960545316063318,470,,,,,,,4,,,,,
-66.633995780638685,45.941088940220631,471,,,,,,,3,,,,,
-66.638973970881736,45.939642718974554,472,,,,,,,3,,,,,
-66.640405485708655,45.939022011681196,473,,,,,,,3,,,,,
-66.642212048097903,45.938305595518514,474,,,,,,,3,,,,,
-66.645603818258664,45.937087210847437,475,,,,,,,3,,,,,
-66.64097893060098,45.936426476512139,476,,,,,,,3,,,,,
-66.638453135498395,45.936036784809538,477,,,,,,,3,,,,,
-66.635263343108022,45.936171554582934,478,,,,,,,3,,,,,
-66.64200155728409,45.936056215265886,479,,,,,,,4,,,,,
-66.637700567793019,45.935252108596622,480,,,,,,,3,,,,,
-66.637664998557668,45.934668911260964,481,,,,,,,3,,,,,
-66.636539017292009,45.934634559590812,482,,,,,,,3,,,,,
-66.635157296526586,45.934660016273341,483,,,,,,,3,,,,,
-66.634627512454031,45.934267849217065,484,,,,,,,3,,,,,
-66.633826550665077,45.93460207550261,485,,,,,,,3,,,,,
-66.638775176668872,45.935203190770849,486,,,,,,,3,,,,,
-66.639518372694937,45.932262271957541,487,,,,,,,3,,,,,
-66.640442041982865,45.93181287312207,488,,PEDCROSS,,,,,3,,,1,,
-66.641992186437321,45.932402044571226,489,,,,,,,3,,,,,
-66.644380131182686,45.932315718357856,490,,,,,,,3,,,,,
-66.644161471776329,45.933506283133312,491,,,,,,,3,,,,,
-66.641962890476862,45.934282735994856,492,,,,,,,3,,,,,
-66.647231267510492,45.933216681222845,493,,,,,,,3,,,,,
-66.646748958795925,45.93145567917604,494,,,,,,,3,,,,,
-66.645416433844943,45.930695605928562,495,,,,,,,3,,,,,
-66.646250850844694,45.930158906999779,496,,,,,,,2,,,,,
-66.64331897542597,45.930948228840002,497,,,,,,,3,,,,,
-66.643065967362617,45.932055515096579,498,,,,,,,3,,,,,
-66.643696255496707,45.931721440276931,499,,,,,,,3,,,,,
-66.642617947988242,45.930306355012512,500,,,,,,,3,,,,,
-66.641934146547868,45.929723969771707,501,,,,,,,3,,,,,
-66.641131535204636,45.929367882022341,502,,,,,,,3,,,,,
-66.640143623858208,45.92992853896466,503,,,,,,,3,,,,,
-66.639395458367161,45.930869785635849,504,,,,,,,3,,,,,
-66.638609457292077,45.930335116491321,505,,,,,,,3,,,,,
-66.637686952890192,45.929776801830002,506,,,,,,,3,,,,,
-66.638537624592232,45.928894955925777,507,,,,,,,3,,,,,
-66.637666344915431,45.928348481337302,508,,,,,,,3,,,,,
-66.634134380949689,45.927876586471911,509,,,,,,,4,,,,,
-66.635049967789172,45.925625858637446,510,,,,,,,4,,,,,
-66.629277553561224,45.937071231627812,511,,,,,,,3,,,,,
-66.628251956781085,45.936203482373976,512,,,,,,,3,,,,,
-66.629078408610951,45.932143668385464,513,,,,,,,3,,,,,
-66.631027327590871,45.933950676423471,514,,,,,,,3,,,,,
-66.631826908351812,45.933033230995889,515,,,,,,,3,,,,,
-66.632371216480934,45.932377940298359,516,,,,,,,3,,,,,
-66.63540424591163,45.931005539073318,517,,,,,,,3,,,,,
-66.628087076783942,45.931299684728792,518,,,,,,,4,,,,,
-66.629750697878109,45.927857866912397,519,,,,,,,3,,,,,
-66.626206495646912,45.929456841165766,520,,,,,,,3,,,,,
-66.625282648536583,45.92824376874681,521,,,,,,,3,,,,,
-66.625024644547253,45.927291822707318,522,,,,,,,3,,,,,
-66.62537892866753,45.925565514911284,523,,,,,,,3,,,,,
-66.62609634599626,45.926028933617417,524,,,,,,,3,,,,,
-66.629165709948182,45.92569220857132,525,,,,,,,3,,,,,
-66.628038650582468,45.925110241357395,526,,,,,,,3,,,,,
-66.628821679250933,45.924442796331519,527,,,,,,,3,,,,,
-66.629638604833289,45.923691985552601,528,,,,,,,3,,,,,
-66.628290769586897,45.923503067982459,529,,,,,,,3,,,,,
-66.631068347685542,45.922452446700959,530,,,,,,,3,,,,,
-66.628048166307636,45.921848841096022,531,,,,,,,3,,,,,
-66.627315428420502,45.922123429781259,532,,,,,,,3,,,,,
-66.627606983396333,45.922825372889022,533,,,,,,,3,,,,,
-66.624681473076762,45.926387580241816,534,,,,,,,3,,,,,
-66.624639625316277,45.930529827776894,535,,,,,,,3,,,,,
-66.624517090271809,45.929137325880831,536,,,,,,,4,,,,,
-66.623115691917604,45.927924757711935,537,,,,,,,3,,,,,
-66.622534149167947,45.927199309932007,538,,,,,,,3,,,,,
-66.621730940325207,45.926497902942188,539,,,,,,,3,,,,,
-66.619053224616906,45.926572154794215,540,,,,,,,3,,,,,
-66.620908565031826,45.924820474176769,541,,,,,,,3,,,,,
-66.621978058268823,45.922533978496148,542,,,,,,,3,,,,,
-66.622391514651156,45.924402286741106,543,,,,,,,4,,,,,
-66.625474793866118,45.922708716544619,544,,,,,,,3,,,,,
-66.624295277780959,45.921507820880805,545,,,,,,,3,,,,,
-66.623221133512928,45.921651824199088,546,,,,,,,3,,,,,
-66.624222921361053,45.919662952382758,547,,,,,,,3,,,,,
-66.626528390159152,45.921029242436305,548,,,,,,,3,,,,,
-66.628694958281827,45.92128867446403,549,,,,,,,3,,,,,
-66.627940722415957,45.919635024895875,550,,,,,,,3,,,,,
-66.627311297327154,45.920326098639563,551,,,,,,,3,,,,,
-66.626711091757755,45.918886518938642,552,,,,,,,3,,,,,
-66.622721159485707,45.919224176245791,553,,,,,,,3,,,,,
-66.622044732262793,45.921831636191207,554,,,,,,,3,,,,,
-66.618072377298674,45.917999611324291,555,Wilsey ,,,,,,3,431,Wilsey,,,
-66.619954271071151,45.917334568965892,556,,,,,,,3,,,,,
-66.621164795806976,45.917202353888605,557,,,,,,,3,,,,,
-66.620611511637193,45.921559399340794,558,,,,,,,4,,,,,
-66.614952407634391,45.914863934209016,559,,,,,,,3,,,,,
-66.618523791179612,45.910313361777767,560,,,,,,,3,,,,,
-66.617815921898256,45.906195694198253,561,,,,,,,3,,,,,
-66.615030678619306,45.903282335330786,562,,,,,,,3,,,,,
-66.613105292070486,45.903867509723113,563,,,,,,,3,,,,,
-66.610822154197734,45.904619640717158,564,,,,,,,3,,,,,
-66.608436584666961,45.905336114439834,565,,,,,,,3,,,,,
-66.597050337292103,45.897407166468263,566,,,,,,,3,,,,,
-66.591116044432567,45.906720147047594,567,,,,,,,3,,,,,
-66.592326207986318,45.906469210017185,568,,,,,,,3,,,,,
-66.597349638309538,45.90281082978273,569,,,,,,,4,,,,,
-66.596961296050253,45.904977489515382,570,,,,,,,4,,,,,
-66.598036259509286,45.905440781241651,571,,,,,,,4,,,,,
-66.596113386144211,45.907620653064058,572,,,,,,,4,,,,,
-66.591296813444046,45.902601599413508,573,,,,,,,3,,,,,
-66.592098677311611,45.902934233586691,574,,,,,,,3,,,,,
-66.593362929852944,45.904480579511159,575,,,,,,,3,,,,,
-66.592511814099737,45.905302575005564,576,,,,,,,4,,,,,
-66.588352567377186,45.905901028351757,577,,,,,,,3,,,,,
-66.589768695316394,45.906495064326748,578,,,,,,,3,,,,,
-66.589088020560141,45.907328802045441,579,,,,,,,3,,,,,
-66.588441237858063,45.908043481140531,580,,,,,,,3,,,,,
-66.590912904499419,45.907613027418122,581,,,,,,,3,,,,,
-66.59057379721213,45.90877978195018,582,,,,,,,3,,,,,
-66.588701287704794,45.910721429502217,583,,,,,,,3,,,,,
-66.589078586175845,45.912066161594808,584,,,,,,,3,,,,,
-66.589233339541863,45.912863534055596,585,,,,,,,3,,,,,
-66.588432962763832,45.913542624115777,586,,,,,,,3,,,,,
-66.591314328657788,45.913230871581398,587,,,,,,,3,,,,,
-66.592011916347474,45.912289981027214,588,,,,,,,3,,,,,
-66.592658762225867,45.911610990890793,589,,,,,,,3,,,,,
-66.593220214771009,45.910860649849027,590,,,,,,,3,,,,,
-66.593884019890041,45.910145929677753,591,,,,,,,3,,,,,
-66.594581870545483,45.909407371821764,592,,,,,,,3,,,,,
-66.584196052167471,45.908356179196481,593,,,,,,,3,,,,,
-66.579468626190888,45.905348148575833,594,,,,,,,3,,,,,
-66.580898462586333,45.903728346175591,595,,,,,,,3,,,,,
-66.581528173188516,45.9029661101766,596,,,,,,,3,,,,,
-66.58229408255994,45.902084743954724,597,,,,,,,3,,,,,
-66.583366288923941,45.900834158317629,598,,,,,,,3,,,,,
-66.589326376634432,45.896532682631722,599,,,,,,,3,,,,,
-66.592159807998883,45.898684847315629,600,,,,,,,4,,,,,
-66.594053462514097,45.899468888547027,601,,,,,,,3,,,,,
-66.575354348529032,45.901506313472687,602,,,,,,,3,,,,,
-66.629077098469466,45.930513967733916,603,,,,,,,3,,,,,
-66.644998693012695,45.936327191885425,604,,,,,,,3,,,,,
-66.630590912354208,45.93952866487799,605,,,,,,,3,,,,,
-66.621656332266511,45.93022457579638,606,,,,,,,3,,,,,
-66.599081671445816,45.921349081666683,607,,,,,,,3,,,,,
-66.600272929282085,45.919919691530545,608,,,,,,,3,,,,,
-66.598736912882345,45.919296133788521,609,,,,,,,3,,,,,
-66.595283060941284,45.919090779647789,610,,,,,,,3,,,,,
-66.594386599497398,45.918436869115062,611,,,,,,,3,,,,,
-66.595280143459433,45.917394620810555,612,,,,,,,3,,,,,
-66.602853258568317,45.931850023135382,613,,,,,,,3,,,,,
-66.603280378550863,45.932206722424482,614,,,,,,,3,,,,,
-66.604903111307451,45.933365766935808,615,,,,,,,3,,,,,
-66.604899841699734,45.931639853474771,616,,,,,,,3,,,,,
-66.606180453976819,45.932293323430997,617,,,,,,,3,,,,,
-66.607291086803301,45.933244510478588,618,,,,,,,3,,,,,
-66.607380419177289,45.935327428714004,619,,,,,,,3,,,,,
-66.607166890848617,45.935178844166842,620,,,,,,,3,,,,,
-66.606187187524483,45.93580466404358,621,,,,,,,3,,,,,
-66.602343603686492,45.932981255444915,622,,,,,,,3,,,,,
-66.611097546737994,45.938686418685876,623,,,,,,,3,,,,,
-66.610160120438579,45.939133688195717,624,,,,,,,3,,,,,
-66.613357863812979,45.941485788955447,625,,,,,,,3,,,,,
-66.619389158515801,45.94674220665231,626,,,,,,,3,,,,,
-66.620841568955626,45.947692902076959,627,,,,,,,3,,,,,
-66.623282063461588,45.951737253580085,628,,,,,,,3,,,,,
-66.622130421605803,45.951827767316423,629,,,,,,,3,,,,,
-66.619913545709437,45.952514540245787,630,,,,,,,3,,,,,
-66.615433614797027,45.952281117406855,631,,,,,,,3,,,,,
-66.614836729495934,45.952460264415244,632,,,,,,,3,,,,,
-66.613685549000394,45.95278874932098,633,,,,,,,3,,,,,
-66.61308640283282,45.951866875046385,634,,,,,,,3,,,,,
-66.615521856327447,45.953679612676403,635,,,,,,,3,,,,,
-66.614028312585575,45.953502576770767,636,,,,,,,3,,,,,
-66.617143018701938,45.953677954775834,637,,,,,,,3,,,,,
-66.617655091619994,45.953736940581621,638,,,,,,,3,,,,,
-66.603362186828662,45.953185440019631,639,,,,,,,3,,,,,
-66.602124993568154,45.953186557467362,640,,,,,,,3,,,,,
-66.594018692231202,45.952866218653888,641,,,,,,,3,,,,,
-66.595256133356742,45.953013974848389,642,,,,,,,3,,,,,
-66.623779752460919,45.958149969405206,643,,,,,,,3,,,,,
-66.619707453469744,45.95959695216014,644,,,,,,,3,,,,,
-66.620505303523714,45.959196174126767,645,,,,,,,3,,,,,
-66.620918177699252,45.960695494091141,646,,,,,,,3,,,,,
-66.624645135142714,45.960477220899818,647,,,,,,,3,,,,,
-66.624830972478719,45.961148337074654,648,,,,,,,3,,,,,
-66.621965104861033,45.961794199674557,649,,,,,,,4,,,,,
-66.621267504004777,45.9612236083317,650,,,,,,,4,,,,,
-66.624569001929061,45.963048317648656,651,,,,,,,4,,,,,
-66.623668399482725,45.963306401961084,652,,,,,,,4,,,,,
-66.624350802474055,45.96620518934283,653,,,,,,,4,,,,,
-66.619121404131519,45.963254120370763,654,,,,,,,3,,,,,
-66.619409715122657,45.963982271364245,655,,,,,,,3,,,,,
-66.624778227647923,45.965004915856866,656,,,,,,,3,,,,,
-66.626455796026335,45.964146059017608,657,,,,,,,3,,,,,
-66.626579176227963,45.96436017250165,658,,,,,,,3,,,,,
-66.626640850342341,45.964460088420033,659,,,,,,,3,,,,,
-66.626928317575832,45.96477400239921,660,,,,,,,3,,,,,
-66.628510270636852,45.966857604084687,661,,,,,,,3,,,,,
-66.627873952810631,45.966272701728073,662,,,,,,,3,,,,,
-66.627421659666751,45.965544755149907,663,,,,,,,3,,,,,
-66.621502451007075,45.965622647636941,664,,,,,,,3,,,,,
-66.617548888348821,45.965398267259999,665,,,,,,,3,,,,,
-66.622747115750116,45.963478800269755,666,,,,,,,4,,,,,
-66.622151197932538,45.962593870283534,667,,,,,,,3,,,,,
-66.615336813038198,45.965400531350284,668,,,,,,,3,,,,,
-66.613391766531734,45.965773854367399,669,,,,,,,3,,,,,
-66.609745317087302,45.965477479441653,670,,,,,,,3,,,,,
-66.610444021915484,45.966633758447088,671,,,,,,,3,,,,,
-66.611798733805102,45.968046492804916,672,,,,,,,3,,,,,
-66.614299863936125,45.969100978847926,673,,,,,,,3,,,,,
-66.613871178879634,45.969815578144349,674,,,,,,,3,,,,,
-66.612682274619004,45.969402544130851,675,,,,,,,3,,,,,
-66.611595688929725,45.968932262088046,676,,,,,,,3,,,,,
-66.610529776217291,45.968547651602691,677,,,,,,,3,,,,,
-66.609481960104148,45.966948923444242,678,,,,,,,3,,,,,
-66.60827479084945,45.967621399038478,679,,,,,,,3,,,,,
-66.607396238794095,45.968764903277837,680,,,,,,,3,,,,,
-66.605137741003077,45.965967466447857,681,,,,,,,3,,,,,
-66.604216193675214,45.966054014599813,682,,,,,,,3,,,,,
-66.60565793025944,45.97022343728586,683,,,,,,,3,,,,,
-66.605863152283661,45.970423214572612,684,,,,,,,3,,,,,
-66.609348291592823,45.9718625411885,685,,,,,,,3,,,,,
-66.61162438639272,45.973003002877093,686,,,,,,,3,,,,,
-66.61375185943696,45.971558272109576,687,,,,,,,3,,,,,
-66.60748569455285,45.972635619634076,688,,,,,,,3,,,,,
-66.605372704711073,45.971037855577293,689,,,,,,,3,,,,,
-66.604820738719482,45.971623984387328,690,,,,,,,3,,,,,
-66.604836810794495,45.969295776093489,691,,,,,,,3,,,,,
-66.603519791056925,45.966054650401801,692,,,,,,,3,,,,,
-66.603110089967174,45.966026455711692,693,,,,,,,3,,,,,
-66.595082009170426,45.966633351013492,694,,,,,,,3,,,,,
-66.593320767057193,45.966791927329716,695,,,,,,,3,,,,,
-66.59377329842026,45.967919943331758,696,,,,,,,3,,,,,
-66.591194755125485,45.96933609566215,697,,,,,,,3,,,,,
-66.59226085841965,45.9699065726236,698,,,,,,,3,,,,,
-66.592815888094677,45.971077359034375,699,,,,,,,3,,,,,
-66.590704951743518,45.970436309182354,700,,,,,,,3,,,,,
-66.590379959855653,45.972122008506908,701,,,,,,,3,,,,,
-66.593085812840471,45.973233931015159,702,,,,,,,3,,,,,
-66.592738907954313,45.974034084391143,703,,,,,,,3,,,,,
-66.592576290863789,45.974791235863442,704,,,,,,,3,,,,,
-66.592023962990822,45.97526303661796,705,,,,,,,3,,,,,
-66.592291827650058,45.976191239806589,706,,,,,,,3,,,,,
-66.59551008348987,45.977302687548416,707,,,,,,,3,,,,,
-66.597006431717091,45.977772773329136,708,,,,,,,3,,,,,
-66.58954859753527,45.977378952385486,709,,,,,,,3,,,,,
-66.589568228275112,45.976850451821804,710,,,,,,,3,,,,,
-66.5882555464555,45.975880207462623,711,,,,,,,3,,,,,
-66.586674737832851,45.973724630830993,712,,,,,,,3,,,,,
-66.587170774358682,45.976509512382876,713,,,,,,,4,,,,,
-66.586330434641255,45.976253052659033,714,,,,,,,3,,,,,
-66.584796069734679,45.977625411478208,715,,,,,,,3,,,,,
-66.586906405410261,45.977752369358456,716,,,,,,,3,,,,,
-66.587154046835252,45.978894851050391,717,,,,,,,3,,,,,
-66.586764812012532,45.978909431883508,718,,,,,,,3,,,,,
-66.585474184536579,45.978953258800992,719,,,,,,,3,,,,,
-66.585517389591871,45.980395847701132,720,,,,,,,3,,,,,
-66.582831247864547,45.978898080097892,721,,,,,,,3,,,,,
-66.585499375103936,45.98199559925191,722,,,,,,,3,,,,,
-66.584188186275782,45.982039427888353,723,,,,,,,3,,,,,
-66.584145970821865,45.981225306350396,724,,,,,,,3,,,,,
-66.581890698467063,45.980155697776269,725,,,,,,,3,,,,,
-66.581953685323739,45.981184056425022,726,,,,,,,3,,,,,
-66.588139777447495,45.980365279840569,727,,,,,,,4,,,,,
-66.589205139061249,45.980364449594589,728,,,,,,,3,,,,,
-66.577253566746194,45.989871634992213,729,,,,,,,3,,,,,
-66.576270773477063,45.990443632363551,730,,,,,,,3,,,,,
-66.573082296854878,45.996644703696354,731,,,,,,,3,,,,,
-66.581871869483393,46.008950965959706,732,,,,,,,3,,,,,
-66.582998697905353,46.00856450039106,733,,,,,,,3,,,,,
-66.577922674538186,45.999369613084561,734,,,,,,,3,,,,,
-66.577655438891981,45.998798461845496,735,,,,,,,3,,,,,
-66.577449352815648,45.997984450899338,736,,,,,,,3,,,,,
-66.584527899664423,45.989823613983326,737,,,,,,,3,,,,,
-66.584549286404453,45.990409215872006,738,,,,,,,3,,,,,
-66.58543077195155,45.990637091821952,739,,,,,,,3,,,,,
-66.586129531539868,45.991950634788573,740,,,,,,,3,,,,,
-66.587088472900035,45.989293198678169,741,,,,,,,3,,,,,
-66.586841794326247,45.988793469391716,742,,,,,,,3,,,,,
-66.589997968457581,45.989148100482794,743,,,,,,,3,,,,,
-66.591494402708264,45.989503991537653,744,,,,,,,4,,,,,
-66.591208704369592,45.990218389667845,745,,,,,,,3,,,,,
-66.593259240381244,45.99104516309108,746,,,,,,,4,,,,,
-66.59245569357941,45.988431962194277,747,,,,,,,4,,,,,
-66.594733297238889,45.990258360070875,748,,,,,,,3,,,,,
-66.595777566176707,45.989800418159319,749,,,,,,,3,,,,,
-66.593253940277492,45.987902826265618,750,,,,,,,3,,,,,
-66.590118354624479,45.987576834939638,751,,,,,,,3,,,,,
-66.59373036299462,45.978846772744674,752,,,,,,,3,,,,,
-66.596866551887402,45.979786850142702,753,,,,,,,3,,,,,
-66.598035151067378,45.980242917512783,754,,,,,,,3,,,,,
-66.595944143138425,45.979516247042774,755,,,,,,,4,,,,,
-66.599388159871353,45.980698811941735,756,,,,,,,3,,,,,
-66.600249374451508,45.981097991216714,757,,,,,,,3,,,,,
-66.601417872045388,45.981468322890038,758,,,,,,,3,,,,,
-66.604371049344834,45.982993974611666,759,,,,,,,3,,,,,
-66.606317696029109,45.983106439208349,760,,,,,,,3,,,,,
-66.606400915039373,45.983763396438356,761,,,,,,,3,,,,,
-66.606259495976289,45.98480621577697,762,,,,,,,3,,,,,
-66.605891671310488,45.9853207600964,763,,,,,,,3,,,,,
-66.612196893308052,45.982572309148019,764,,,,,,,3,,,,,
-66.613853083003704,45.980928074771747,765,,,,,,,3,,,,,
-66.617883330948047,45.978167277376699,766,,,,,,,3,,,,,
-66.620194533026719,45.976408002419156,767,,,,,,,3,,,,,
-66.619743032251563,45.976037110161059,768,,,,,,,3,,,,,
-66.619619712902832,45.975851556163768,769,,,,,,,3,,,,,
-66.621072347606741,45.974993016085577,770,,,,,,,3,,,,,
-66.621215246625368,45.974764329208618,771,,,,,,,3,,,,,
-66.621991621870393,45.973820795537826,772,,,,,,,3,,,,,
-66.622955288809734,45.97420540999007,773,,,,,,,4,,,,,
-66.62397520622288,45.972261761733527,774,,,,,,,3,,,,,
-66.625471043928371,45.972460089122812,775,,,,,,,4,,,,,
-66.625609865266171,45.970445977235094,776,,,,,,,3,,,,,
-66.629650544543978,45.97271250477732,777,,,,,,,3,,,,,
-66.630386215771082,45.971954643721126,778,,,,,,,3,,,,,
-66.629339997640656,45.971313085326706,779,,,,,,,3,,,,,
-66.627432746890676,45.970358249882182,780,,,,,,,3,,,,,
-66.63226519829874,45.969609997463571,781,,,,,,,3,,,,,
-66.631095695858548,45.968797196953481,782,,,,,,,4,,,,,
-66.629228833769744,45.967570960747082,783,,,,,,,3,,,,,
-66.625564131421868,45.968346367477658,784,,,,,,,3,,,,,
-66.62497166526957,45.969032623528761,785,,,,,,,3,,,,,
-66.622633123313975,45.967492560307321,786,,,,,,,3,,,,,
-66.623430587948747,45.966877511896357,787,,,,,,,3,,,,,
-66.617061244469625,45.967255612452448,788,,,,,,,3,,,,,
-66.632270901705141,45.971995318377992,789,,,,,,,3,,,,,
-66.633133508130541,45.972929875221688,790,,PEDCROSS,,,,,4,,,1,,
-66.624146200259077,45.975432488854352,791,,,,,,,3,,,,,
-66.624598960741466,45.985444647053384,792,,,,,,,4,,,,,
-66.626792395695844,45.985899292236887,793,,,,,,,3,,,,,
-66.632480262955724,45.973880483951412,794,,,,,,,3,,,,,
-66.625917547462606,45.979629858645659,795,,,,,,,4,,,,,
-66.625594646921726,45.981787006908426,796,,,,,,,3,,,,,
-66.624817930042681,45.982602014596445,797,,,,,,,3,,,,,
-66.624184709473624,45.983459710446432,798,,,,,,,3,,,,,
-66.623138792001797,45.983018062277502,799,,,,,,,3,,,,,
-66.624697768852343,45.983830517422533,800,,,,,,,3,,,,,
-66.621422256426911,45.985076713162996,801,,,,,,,3,,,,,
-66.620461585678299,45.986148988110507,802,,,,,,,3,,,,,
-66.619889386722875,45.986849477363606,803,,,,,,,3,,,,,
-66.619194415945586,45.987635793327073,804,,,,,,,3,,,,,
-66.63439849038464,45.97083587018048,805,,,,,,,3,,,,,
-66.635957571037068,45.971762438742552,806,,,,,,,4,,,,,
-66.63665468001939,45.972018704259725,807,,,,,,,4,,,,,
-66.637741751205013,45.97257444664217,808,,,,,,,3,,,,,
-66.638767247211007,45.973073119361977,809,,,,,,,3,,,,,
-66.639382265496621,45.97325805139976,810,,,,,,,3,,,,,
-66.642149916344195,45.974097347822088,811,,,,,,,4,,,,,
-66.63553142003299,45.973405537388004,812,,,,,,,3,,,,,
-66.635390856203472,45.974562660223924,813,,,,,,,3,,,,,
-66.634281965260243,45.973464153251932,814,,,,,,,3,,,,,
-66.635148169565625,45.975848454388462,815,,,,,,,3,,,,,
-66.640866357332797,45.97685563935994,816,,,,,,,3,,,,,
-66.642892076274364,45.975910409457569,817,,,,,,,3,,,,,
-66.640335377496243,45.977513332048957,818,,,,,,,3,,,,,
-66.639330740480119,45.977200331803502,819,,PEDCROSS,,,,,4,,,1,,
-66.645122733819719,45.975022015619565,820,,,,,,,3,,,,,
-66.645840412075131,45.975278199495676,821,,,,,,,3,,,,,
-66.650782479275875,45.977100032138914,822,,,,,,,3,,,,,
-66.65416342707492,45.977338318733644,823,,,,,,,3,,,,,
-66.654782021772192,45.978765818171567,824,,,,,,,3,,,,,
-66.652876917883177,45.978839811495639,825,,,,,,,3,,,,,
-66.651749105994668,45.978469952840221,826,,,,,,,3,,,,,
-66.650846704492594,45.978114067755492,827,,,,,,,3,,,,,
-66.64992405891617,45.977843902376328,828,,,,,,,3,,,,,
-66.649475087951771,45.978487246270184,829,,,,,,,3,,,,,
-66.646937430722645,45.979518955574314,830,,,,,,,3,,,,,
-66.645809795256682,45.979206171314658,831,,,,,,,3,,,,,
-66.647239189203901,45.977433189911139,832,,,,,,,3,,,,,
-66.646193315201799,45.977034604292555,833,,,,,,,3,,,,,
-66.645192477024025,45.978178556781309,834,,,,,,,3,,,,,
-66.644249184916319,45.977836954931639,835,,,,,,,3,,,,,
-66.642875464349416,45.977410186374883,836,,,,,,,3,,,,,
-66.642303602962755,45.978096506279712,837,,,,,,,4,,,,,
-66.641340027162769,45.977826322506893,838,,,,,,,3,,,,,
-66.640686085482514,45.978469886081605,839,,,,,,,3,,,,,
-66.638333294126724,45.97975827605066,840,,,,,,,3,,,,,
-66.637822816496765,45.980444497683649,841,,,,,,,3,,,,,
-66.636838343981339,45.980017184192612,842,,,,,,,3,,,,,
-66.636308975740931,45.981360457993951,843,,,,,,,3,,,,,
-66.637805423931695,45.981687173625147,844,,,,,,,3,,,,,
-66.63889251874285,45.982171486914325,845,,,,,,,4,,,,,
-66.637973036618916,45.983172442282282,846,,,,,,,4,,,,,
-66.636394626812049,45.982860111406062,847,,,,,,,3,,,,,
-66.640620988782459,45.985097457183471,848,,,,,,,3,,,,,
-66.641928428463814,45.983581795673537,849,,,,,,,3,,,,,
-66.639689436639102,45.98132779147199,850,,,,,,,3,,,,,
-66.640571368344482,45.981698073564552,851,,,,,,,3,,,,,
-66.641122909862844,45.981054638824176,852,,,,,,,3,,,,,
-66.642389008194442,45.979439038191565,853,,,,,,,3,,,,,
-66.643369735177785,45.978409402803102,854,,,,,,,3,,,,,
-66.642637803155694,45.980581397229344,855,,,,,,,3,,,,,
-66.643355727214455,45.980909013170987,856,,,,,,,3,,,,,
-66.644073436513338,45.981150924694866,857,,,,,,,3,,,,,
-66.642701256605022,45.981352620871768,858,,,,,,,3,,,,,
-66.644649865246848,45.982207163715337,859,,,,,,,3,,,,,
-66.644591835986688,45.983521309015579,860,,,,,,,3,,,,,
-66.647172408054217,45.983132349073273,861,,,,,,,3,,,,,
-66.648416164026671,45.980873958409084,862,,,,,,,3,,,,,
-66.649074856777219,45.98201576882245,864,,,,,,,3,,,,,
-66.64977408993083,45.982986120769468,865,,,,,,,3,,,,,
-66.650182118371347,45.982342830044864,866,,,,,,,3,,,,,
-66.64883115011159,45.982815956818001,867,,,,,,,3,,,,,
-66.650792409516896,45.980742283898536,868,,,,,,,4,,,,,
-66.649746716772214,45.980443713396298,869,,,,,,,4,,,,,
-66.651766599896632,45.981112356986145,870,,PEDCROSS,,,,,3,,,1,,
-66.650483552621793,45.983942171461138,871,,PEDCROSS,,,,,3,,,1,,
-66.650228410980915,45.984299593401261,872,,,,,,,3,,,,,
-66.649656221850606,45.9848573991503,873,,,,,,,3,,,,,
-66.649104857345321,45.985543725785767,874,,,,,,,3,,,,,
-66.64381236739041,45.983179495371623,875,,,,,,,3,,,,,
-66.64429490191624,45.987506749610311,876,,,,,,,4,,,,,
-66.644296989290055,45.988306616360305,877,,,,,,,3,,,,,
-66.64436084779723,45.989220671486756,878,,,,,,,3,,,,,
-66.642125199596208,45.988395049676718,879,,,,,,,3,,,,,
-66.641139897280254,45.987710673461521,880,,,,,,,3,,,,,
-66.639788142678213,45.987955159875995,881,,,,,,,3,,,,,
-66.639967061306663,45.985783866147862,882,,,,,,,3,,,,,
-66.638682406296709,45.988256464053144,883,,,,,,,3,,,,,
-66.639319559465861,45.989026987455567,884,,,,,,,3,,,,,
-66.646698828211015,45.989974699843238,885,,,,,,,3,,,,,
-66.646429680847731,45.988932360277815,886,,,,,,,3,,,,,
-66.650155219877206,45.987527734262528,887,,,,,,,3,,,,,
-66.651601341264808,45.984354905961105,888,,,,,,,3,,,,,
-66.653056072780373,45.984352958532433,889,,,,,,,3,,,,,
-66.6528316001923,45.984681778337361,890,,,,,,,3,,,,,
-66.652259590702883,45.985296730351358,891,,,,,,,3,,,,,
-66.651564591040398,45.985897559973097,892,,,,,,,3,,,,,
-66.651033651817613,45.986555301980758,893,,,,,,,3,,,,,
-66.653967221693236,45.987808308250202,894,,,,,,,3,,,,,
-66.654518866385786,45.987236224622251,895,,,,,,,3,,,,,
-66.655070140455223,45.986535589500669,896,,,,,,,4,,,,,
-66.655703600619319,45.985920538452191,897,,,,,,,3,,,,,
-66.654718774004493,45.985450530138152,898,,,,,,,3,,,,,
-66.655270348614977,45.984864160351272,899,,,,,,,3,,,,,
-66.653260212027774,45.984081299088345,900,,,,,,,3,,,,,
-66.653668962095367,45.983709379630156,901,,,,,,,3,,,,,
-66.653849229484806,45.982223664049009,902,,,,,,,3,,,,,
-66.653770135640514,45.98325217460193,903,,,,,,,3,,,,,
-66.653991217398328,45.981709270122145,904,,,,,,,3,,,,,
-66.654051925900674,45.981437803196918,905,,,,,,,3,,,,,
-66.656267303687741,45.982377485894467,906,,,,,,,3,,,,,
-66.654254615281843,45.980651942828892,907,,,,,,,4,,,,,
-66.654333138438744,45.979423464456609,908,,,,,,,3,,,,,
-66.656879282863613,45.981433940201121,909,,,,,,,3,,,,,
-66.65747880659498,45.983318520080473,910,,,,,,,3,,,,,
-66.65658146583668,45.984790946956387,911,,,,,,,3,,,,,
-66.657738275059373,45.980904267365446,912,,,,,,,3,,,,,
-66.658826267136078,45.981645490528408,913,,,,,,,3,,,,,
-66.658862950363243,45.984311671529909,914,,PEDCROSS,,,,,3,,,1,,
-66.660270042407916,45.984957211782579,915,,,,,,,3,,,,,
-66.660215857929288,45.987471164016142,916,,,,,,,3,,,,,
-66.660211678041051,45.98602854839325,917,,,,,,,3,,,,,
-66.661222258494419,45.988283895529463,918,,,,,,,3,,,,,
-66.660258991182758,45.988213838535252,919,,,,,,,3,,,,,
-66.662157035664279,45.985625857948243,920,,,,,,,4,,,,,
-66.664621873850436,45.987664842207764,921,,,,,,,3,,,,,
-66.66797913096886,45.986617249083295,922,,,,,,,3,,,,,
-66.667961938372898,45.987702811281132,923,,,,,,,3,,,,,
-66.665977069711005,45.988605576763781,924,,,,,,,3,,,,,
-66.66806755951319,45.988745342878758,925,,,,,,,3,,,,,
-66.669108964732587,45.987558278913696,926,,,,,,,3,,,,,
-66.67042021531347,45.987513472638675,927,,,,,,,3,,,,,
-66.670568141588703,45.988970155868103,928,,,,,,,3,,,,,
-66.671548026135355,45.987783162666197,929,,,,,,,3,,,,,
-66.669101844668177,45.985230097832179,930,,,,,,,3,,,,,
-66.668299407419624,45.984131466138173,931,,,,,,,3,,,,,
-66.665553098946106,45.983878394425602,932,,,,,,,3,,,,,
-66.662928824161767,45.983310846965153,933,,,,,,,3,,,,,
-66.662188588870777,45.982412050965053,934,,,,,,,3,,,,,
-66.660648677329419,45.981285847222487,935,,,,,,,3,,,,,
-66.667042842302365,45.981905108877761,936,,,,,,,3,,,,,
-66.665849639635638,45.980278548135196,937,,,,,,,3,,,,,
-66.664904693742926,45.979437201195005,938,,,,,,,3,,,,,
-66.664225854395951,45.978509762395632,939,,,,,,,3,,,,,
-66.66848449753671,45.977632248850163,940,,,,,,,3,,,,,
-66.669693343152687,45.977673302525019,941,,,,,,,3,,,,,
-66.669699522495819,45.979687252647977,942,,,,,,,3,,,,,
-66.668572756532157,45.979703210903708,943,,,,,,,3,,,,,
-66.670416538678538,45.979671897658278,944,,,,,,,3,,,,,
-66.670881350839679,45.977600107700724,945,,,,,,,3,,,,,
-66.672131215223629,45.977655357235882,946,,,,,,,3,,,,,
-66.673155414484256,45.977610953098313,947,,,,,,,3,,,,,
-66.674554187472495,45.97940852391492,948,,,,,,,3,,,,,
-66.675341410426725,45.978921678112648,949,,,,,,,3,,,,,
-66.674457608286701,45.981265513261796,950,,,,,,,3,,,,,
-66.672618189112214,45.982710941025729,951,,,,,,,3,,,,,
-66.672640282874724,45.983225109451176,952,,,,,,,3,,,,,
-66.671595490506348,45.983269540798851,953,,,,,,,3,,,,,
-66.670469400640656,45.983528333893702,954,,,,,,,3,,,,,
-66.669527745553239,45.983801125461298,955,,,,,,,3,,,,,
-66.675693469242475,45.983334703995325,956,,,,,,,3,,,,,
-66.675690247373751,45.982320587484153,957,,,,,,,3,,,,,
-66.675983449307921,45.984319809656007,958,,,,,,,4,,,,,
-66.677028262631339,45.977876378383257,959,,,,,,,3,,,,,
-66.678605005931601,45.977645379458643,960,,,,,,,3,,,,,
-66.678606528055724,45.978116729200948,961,,,,,,,3,,,,,
-66.677690630553684,45.979989288127157,962,,,,,,,3,,,,,
-66.676666345327831,45.980019449809056,963,,,,,,,3,,,,,
-66.676316735722594,45.979605773529286,964,,,,,,,3,,,,,
-66.680581613267151,45.980670340198017,965,,,,,,,3,,,,,
-66.681319407787498,45.980740583741472,966,,,,,,,4,,,,,
-66.682397725401231,45.978453516759366,967,,,,,,,3,,,,,
-66.680838239543505,45.977698985510607,968,,,,,,,3,,,,,
-66.679588504757533,45.977686681518655,969,,,,,,,3,,,,,
-66.682251585710347,45.977625313598978,970,,,,,,,3,,,,,
-66.682712154521525,45.980609805549769,971,,,,,,,3,,,,,
-66.683483439175902,45.978423204411499,972,,,,,,,3,,,,,
-66.686128275375353,45.979018811187082,973,,,,,,,3,,,,,
-66.688502256671924,45.978272165924707,974,,,,,,,3,,,,,
-66.688829998913917,45.978257339117114,975,,,,,,,3,,,,,
-66.69219123839035,45.978651646642078,976,,,,,,,3,,,,,
-66.69276522400358,45.978750660189093,977,,,,,,,3,,,,,
-66.698462217863835,45.979183651583256,978,,,,,,,4,,,,,
-66.701020939294196,45.978579256376584,979,,,,,,,3,,,,,
-66.701983568131297,45.978506134759378,980,,,,,,,3,,,,,
-66.702782245519046,45.978419013927983,981,,,,,,,3,,,,,
-66.70303380494552,45.979975455853655,982,,,,,,,3,,,,,
-66.702317263234207,45.980119566796304,983,,,,,,,3,,,,,
-66.703856990647182,45.980973822827465,984,,,,,,,3,,,,,
-66.705178634732519,45.978257600769993,985,,,,,,,3,,,,,
-66.70521711751779,45.977586210857652,986,,,,,,,3,,,,,
-66.708148694583201,45.978109371609541,987,,,,,,,3,,,,,
-66.710194336328257,45.977305740048422,988,,,,,,,3,,,,,
-66.710642808567258,45.976719291226352,989,,,,,,,3,,,,,
-66.708484074712516,45.980122718111545,990,,,,,,,3,,,,,
-66.709304820231651,45.98044972895373,991,,,,,,,3,,,,,
-66.710187365746833,45.980862320878913,992,,,,,,,3,,,,,
-66.710864662423958,45.981175302882413,993,,,,,,,3,,,,,
-66.712435156451519,45.979329822634583,994,,,,,,,3,,,,,
-66.710548641934338,45.978890543530348,995,,,,,,,3,,,,,
-66.710381594142021,45.978062414826745,996,,,,,,,3,,,,,
-66.714846661641744,45.977782686344227,997,,,,,,,4,,,,,
-66.713747445506641,45.979613033471622,998,,,,,,,3,,,,,
-66.719107553814922,45.977688860801322,999,,,,,,,3,,,,,
-66.719106365560634,45.977388912088365,1000,,,,,,,3,,,,,
-66.721300139304972,45.977813168825527,1001,,,,,,,3,,,,,
-66.723021252499137,45.977866941888969,1002,,,,,,,3,,,,,
-66.722307948030277,45.978796759319934,1003,,,,,,,3,,,,,
-66.720738254883202,45.980756641744833,1004,,,,,,,3,,,,,
-66.71963026895385,45.980344566940168,1005,,,,,,,3,,,,,
-66.719290305280111,45.982444883363826,1006,,,,,,,3,,,,,
-66.71822338543592,45.982061282503203,1007,,,,,,,3,,,,,
-66.731054189340554,45.97836511603353,1008,,,,,,,3,,,,,
